start_time:2016-12-10 09:02:52,device_id:00000001,cmd_cnt:32
_time,G_STA,G_LON,G_LAT,G_ALT,G_pdop,G_hdop,G_vdop,G_SPD,G_DIR,G_DATE,G_TIME,SL_V,SL_GPS,SL_BD,G_MODE,_0103,_0104,_0105,_0106,_0107,_010c,_010d,_010e,_010f,_0110,_0111,_0115,_011f,_0121,_0124,_012e,_0130,_0131,_0133,_0134,_013c,_013e,_0142,_0143,_0144,_0145,_0147,_0149,_014a,_014c,_014d,_014e
2016-12-10 09:03:01,1,113.33834-E,23.16528-N,59.1m,2.0,0.9,1.8,0.000,0.000,2016-12-10,01:02:23,14,00,00,3,41030200,410458,410585,err,41077a,410c0a1b,410d00,410e91,err,411000a4,41112f,411523ff,411f1eae,41210000,41247f80684f,412e23,4130ff,413141f2,41335d,41347f787ffb,413c15f7,413e1351,414233cd,41430024,41447ff2,414500,414782,414928,414a51,414c2f,414d0000,414e7e66
2016-12-10 09:03:02,1,113.33835-E,23.16527-N,58.6m,2.0,0.9,1.8,0.000,0.000,2016-12-10,01:02:24,14,00,00,3,41030200,410458,410586,410685,41077a,410c0a02,410d00,410e92,410f4c,4110009f,41112f,err,411f1eaf,41210000,41248027693f,err,4130ff,413141f2,41335d,413480327ffe,413c15f1,413e134d,err,41430024,41447ff2,414500,414782,err,414a51,414c2f,414d0000,414e7e66
2016-12-10 09:03:03,1,113.33835-E,23.16527-N,58.3m,2.0,0.9,1.8,0.000,0.000,2016-12-10,01:02:25,14,12,12,3,41030200,410458,410586,410685,41077a,err,410d00,410e91,410f4c,411000a4,41112f,411523ff,411f1eb0,41210000,41248018692b,412e23,4130ff,err,41335d,413480237fff,413c15ea,err,414233cd,41430024,41447ff2,414500,err,414928,414a51,414c2f,414d0000,err
2016-12-10 09:03:04,1,113.33835-E,23.16527-N,58.2m,2.0,0.9,1.8,0.000,0.000,2016-12-10,01:02:26,14,12,12,3,41030200,410458,err,410685,41077a,410c0a34,410d00,410e92,410f4c,err,41112f,411523ff,411f1eb1,41210000,err,412e23,4130ff,413141f2,41335d,err,413c15e4,413e1344,414233ba,41430025,err,414500,414782,414928,414a51,414c2f,414d0000,414e7e66
2016-12-10 09:03:05,1,113.33835-E,23.16527-N,56.6m,1.7,0.8,1.5,0.000,0.000,2016-12-10,01:02:27,14,12,12,3,41030200,410458,410586,410685,41077a,410c0a44,410d00,410e93,err,411000a2,41112f,411523ff,411f1eb2,41210000,41247f9668e5,412e23,4130ff,413141f2,41335d,41347fa87ffb,413c15de,413e1340,414233cd,41430023,41447ff2,414500,414782,414928,414a51,414c2f,414d0000,414e7e66
2016-12-10 09:03:06,1,113.33835-E,23.16527-N,56.6m,1.7,0.8,1.5,0.000,0.000,2016-12-10,01:02:28,14,12,12,3,41030200,410459,410586,410684,41077a,410c09ff,410d00,410e98,410f4c,411000a0,41112f,411523ff,err,41210000,41247f716827,412e23,4130ff,413141f2,41335d,41347f5d7ffa,413c15d8,413e133b,err,41430023,41447ff2,414500,414782,err,414a51,414c2f,414d0000,414e7e66
2016-12-10 09:03:07,1,113.33835-E,23.16528-N,55.6m,1.6,0.8,0.0,0.000,0.000,2016-12-10,01:02:29,15,12,12,3,41030200,410458,410586,410684,41077a,err,410d00,410e90,410f4c,411000a4,err,411523ff,411f1eb4,41210000,4124802b6949,412e23,4130ff,413141f2,err,413480518000,err,413e1337,414233e1,41430022,41447ff2,err,414782,414928,414a51,414c2f,414d0000,414e7e66
2016-12-10 09:03:08,1,113.33835-E,23.16528-N,55.6m,1.6,0.8,1.4,0.000,0.000,2016-12-10,01:02:30,15,12,12,3,41030200,410458,410586,410684,41077a,410c0a3a,410d00,410e92,410f4c,411000a5,41112f,411523ff,411f1eb5,41210000,41247ffb6921,412e23,4130ff,413141f2,41335d,413480027ffe,413c15cb,err,414233e1,41430024,41447ff2,err,414782,414928,414a51,414c2f,414d0000,414e7e66
2016-12-10 09:03:09,1,113.33835-E,23.16528-N,55.6m,1.6,0.8,1.4,0.000,0.000,2016-12-10,01:02:31,15,12,12,3,41030200,err,410587,410684,41077a,410c0a34,err,410e94,410f4c,411000a2,41112f,err,411f1eb6,41210000,41247fc268bd,412e23,err,413141f2,41335d,41347fc97ffb,413c15c5,err,414233cd,41430023,41447ff2,414500,414782,414928,414a51,414c2f,414d0000,414e7e66
2016-12-10 09:03:10,1,113.33835-E,23.16528-N,55.6m,1.6,0.8,1.4,0.000,0.000,2016-12-10,01:02:32,15,12,12,3,41030200,410458,410587,410684,41077a,410c0a28,410d00,410e94,410f4c,411000a0,41112f,err,411f1eb7,41210000,41247fe768f9,412e23,4130ff,413141f2,err,413480367fff,413c15bf,413e132a,err,41430024,41447ff2,414500,414782,err,414a51,414c2f,414d0000,414e7e66
2016-12-10 09:03:11,1,113.33835-E,23.16527-N,55.4m,1.3,0.7,1.1,0.000,0.000,2016-12-10,01:02:33,18,12,12,3,41030200,410458,410587,410685,41077a,410c0a28,410d00,410e94,410f4c,411000a4,41112f,411523ff,411f1eb8,41210000,412480c56a1b,412e23,4130ff,413141f2,41335d,413480c58002,413c15bf,413e132a,414233e1,41430024,41447ff2,err,414782,err,414a51,414c2f,414d0000,414e7e66
2016-12-10 09:03:12,1,113.33835-E,23.16527-N,55.4m,1.3,0.7,1.1,0.000,0.000,2016-12-10,01:02:34,18,12,12,3,41030200,410459,410587,410685,41077a,410c0a1b,410d00,410e94,410f4c,411000a8,41112f,411523ff,411f1eb9,41210000,41247ff268c7,412e23,4130ff,413141f2,41335d,41347fdc7ffc,413c15b8,413e1326,414233cd,41430023,41447ff2,414500,414782,414928,414a51,414c2f,414d0000,414e7e66
2016-12-10 09:03:13,1,113.33835-E,23.16527-N,55.8m,1.2,0.7,1.0,0.000,0.000,2016-12-10,01:02:35,19,12,12,3,41030200,410458,410587,err,41077a,410c0a44,410d00,410e92,err,err,41112f,411523ff,411f1eba,41210000,41247f7e6863,412e23,4130ff,413141f2,41335d,41347f7c7ffa,413c15ac,413e131d,414233e1,41430023,41447ff2,414500,414782,414928,414a51,414c2f,err,414e7e66
2016-12-10 09:03:14,1,113.33835-E,23.16527-N,55.8m,1.2,0.7,1.0,2.810,0.000,2016-12-10,01:02:36,19,12,12,3,41030200,410458,410587,410685,41077a,410c0a47,410d00,410e8f,410f4c,411000a2,41112f,411523ff,411f1ebb,41210000,err,412e23,4130ff,413141f2,err,41347f597ff9,413c15a6,413e1319,err,41430024,41447ff2,414500,414782,414928,414a51,err,414d0000,414e7e66
2016-12-10 09:03:15,1,113.33835-E,23.16527-N,55.8m,1.2,0.7,1.0,0.000,0.000,2016-12-10,01:02:37,19,12,12,3,41030200,410458,410587,410684,41077a,410c0a4a,410d00,410e90,410f4c,411000a4,41112f,411523ff,411f1ebc,41210000,41247f9d688b,412e23,4130ff,err,41335d,41347fa37ffc,413c15a6,413e1319,err,41430022,41447ff2,414500,414782,414928,414a51,414c2f,414d0000,414e7e66
2016-12-10 09:03:16,1,113.33835-E,23.16527-N,55.8m,1.2,0.7,1.0,0.000,0.000,2016-12-10,01:02:38,19,12,12,3,41030200,err,410587,410685,41077a,410c0a41,410d00,410e97,410f4c,411000aa,41112f,411523ff,411f1ebd,41210000,412480236935,412e23,4130ff,413141f2,41335d,err,413c159f,413e1315,414233cd,err,41447ff2,414500,414781,414928,414a51,414c2f,err,414e7e66
2016-12-10 09:03:17,1,113.33835-E,23.16527-N,55.8m,1.3,0.7,1.1,2.810,0.000,2016-12-10,01:02:39,19,12,12,3,41030200,410458,410587,410685,41077a,410c0a41,410d00,410e92,410f4c,411000a2,41112f,411523ff,411f1ebe,41210000,41247ff7690d,412e23,4130ff,413141f2,41335d,41347ff97ffe,err,413e1310,414233cd,41430023,41447ff2,414500,414782,414928,414a51,414c2f,414d0000,414e7e66
2016-12-10 09:03:18,1,113.33835-E,23.16527-N,55.8m,1.3,0.7,1.0,0.000,0.000,2016-12-10,01:02:40,20,12,12,3,41030200,410458,410587,410685,41077a,410c0a1e,410d00,410e8f,410f4c,411000a0,41112f,411523ff,err,41210000,412480366985,412e23,err,413141f2,41335d,4134803d8000,413c158e,413e1308,414233ba,err,41447ff2,414500,414782,414928,414a51,414c2f,err,414e7e66
2016-12-10 09:03:19,1,113.33835-E,23.16527-N,55.8m,1.2,0.7,1.0,0.000,0.000,2016-12-10,01:02:41,19,12,12,3,41030200,410459,410587,410685,41077a,err,410d00,410e8f,410f4c,411000a4,err,411523ff,411f1ec0,41210000,41247fb1689f,412e23,4130ff,413141f2,41335d,41347fb97ffc,413c158e,413e1308,414233cd,41430023,41447ff2,414500,414782,414928,414a51,414c2f,414d0000,414e7e66
2016-12-10 09:03:20,1,113.33835-E,23.16527-N,55.5m,1.1,0.7,0.9,0.000,0.000,2016-12-10,01:02:42,20,12,12,3,41030200,410458,410587,410685,41077a,410c09f2,err,410e93,410f4c,411000a5,41112f,err,411f1ec1,41210000,41248036695d,412e23,err,413141f2,41335d,413480328000,413c1588,err,414233f4,41430025,41447ff2,414500,414782,414928,414a51,err,414d0000,414e7e66
2016-12-10 09:03:21,1,113.33835-E,23.16527-N,55.5m,1.1,0.7,0.9,0.000,0.000,2016-12-10,01:02:43,20,12,12,3,41030200,410458,410588,410686,41077a,err,410d00,410e8d,410f4c,411000a4,41112f,411523ff,411f1ec2,41210000,4124800f693f,412e23,4130ff,413141f2,41335d,4134800f7ffe,413c1582,413e12ff,414233e1,41430025,41447ff2,414500,414782,414928,err,414c2f,414d0000,414e7e66
2016-12-10 09:03:22,1,113.33835-E,23.16527-N,55.5m,1.1,0.7,0.9,0.000,0.000,2016-12-10,01:02:44,20,12,12,3,41030200,410458,410588,410685,41077a,410c0a3d,410d00,410e93,410f4d,411000a0,41112f,411523ff,411f1ec3,41210000,err,412e23,4130ff,413141f2,41335d,err,413c157c,413e12fb,414233e1,41430023,err,414500,414782,414928,414a51,414c2f,414d0000,414e7e66
2016-12-10 09:03:23,1,113.33835-E,23.16527-N,55.5m,1.1,0.7,0.9,0.000,0.000,2016-12-10,01:02:45,20,12,12,3,41030200,410458,410588,410684,41077a,err,410d00,410e90,410f4d,411000a4,41112f,411523ff,411f1ec4,41210000,41247f926877,412e23,4130ff,413141f2,41335d,41347f987ffb,413c1576,413e12f7,err,41430023,41447ff2,414500,414782,414928,414a51,err,414d0000,414e7e66
2016-12-10 09:03:24,1,113.33835-E,23.16527-N,55.5m,1.1,0.7,0.9,0.000,0.000,2016-12-10,01:02:46,21,12,12,3,41030200,410458,410588,410684,41077a,410c0a28,410d00,410e93,410f4d,411000a4,41112f,411523ff,411f1ec5,41210000,41247fb5689f,err,4130ff,413141f2,41335d,41347f7c7ffa,413c1571,413e12f2,414233e1,41430023,41447ff2,414500,414782,414928,414a51,414c2f,414d0000,414e7e66
2016-12-10 09:03:25,1,113.33835-E,23.16527-N,55.1m,1.1,0.6,0.9,0.000,0.000,2016-12-10,01:02:47,21,12,12,3,err,410458,410588,410684,41077a,410c0a1e,410d00,err,410f4d,411000a2,41112f,411523ff,411f1ec6,41210000,err,412e23,4130ff,413141f2,41335d,err,413c156b,413e12ee,414233cd,41430023,err,414500,414782,414928,414a51,414c2f,414d0000,414e7e66
2016-12-10 09:03:26,1,113.33835-E,23.16527-N,55.1m,1.1,0.6,0.9,0.000,0.000,2016-12-10,01:02:48,21,12,12,3,41030200,410458,410588,410685,41077a,410c0a21,410d00,410e93,410f4d,411000a4,41112f,411523ff,411f1ec7,41210000,412480e16a25,412e23,4130ff,413141f2,41335d,err,413c1565,413e12ea,414233e1,err,41447ff2,414500,414782,414928,err,414c2f,414d0000,414e7e66
2016-12-10 09:03:27,1,113.33835-E,23.16527-N,55.1m,1.1,0.7,0.9,0.000,0.000,2016-12-10,01:02:49,21,12,12,3,41030200,410458,410588,410686,41077a,410c0a50,410d00,410e92,410f4d,411000a2,41112f,411523ff,411f1ec8,err,412480006921,412e23,4130ff,413141f2,err,4134800f7ffe,413c155f,413e12e5,414233cd,err,41447ff2,414500,414782,414928,err,414c2f,414d0000,414e7e66
2016-12-10 09:03:28,1,113.33835-E,23.16527-N,55.1m,1.4,0.7,1.1,0.000,0.000,2016-12-10,01:02:50,20,12,12,3,41030200,410459,410588,410685,41077a,err,410d00,410e8d,410f4d,411000a4,41112f,411523ff,411f1ec9,err,41247e7166fb,412e23,4130ff,413141f2,41335d,41347e7e7ff4,413c1559,413e12e1,414233e1,41430024,41447ff2,414500,414782,414928,414a51,414c2f,414d0000,414e7e66
2016-12-10 09:03:29,1,113.33835-E,23.16527-N,55.1m,1.4,0.7,1.1,0.000,0.000,2016-12-10,01:02:51,20,12,12,3,41030200,410458,410588,410685,41077a,410c0a4d,410d00,410e8f,410f4d,411000a2,41112f,411523ff,411f1ec9,41210000,41247efb67a5,412e23,4130ff,413141f2,41335d,41347ef67ff7,413c1553,413e12dd,414233e1,41430023,41447ff2,414500,414782,414928,414a51,414c2f,414d0000,414e7e66
2016-12-10 09:03:30,1,113.33835-E,23.16527-N,55.1m,1.4,0.7,1.1,0.000,0.000,2016-12-10,01:02:52,20,12,12,3,41030200,410458,410588,410684,41077a,410c09ef,410d00,410e93,410f4d,err,41112f,411523ff,411f1ecb,err,412480066935,412e23,4130ff,413141f2,41335d,413480157fff,err,413e12d9,414233e1,41430024,err,414500,414782,414928,414a51,414c2f,414d0000,err
2016-12-10 09:03:31,1,113.33835-E,23.16527-N,55.1m,1.3,0.7,1.0,0.000,0.000,2016-12-10,01:02:53,21,12,12,3,41030200,410458,410588,err,41077a,410c0a28,410d00,err,410f4d,411000a0,41112f,411523ff,411f1ecc,41210000,41247fd868d1,err,4130ff,413141f2,41335d,41347fcf7ffd,err,413e12d5,414233ba,41430025,41447ff2,err,414781,414928,414a51,414c2f,err,414e7e66
2016-12-10 09:03:32,1,113.33835-E,23.16527-N,55.1m,1.3,0.7,1.0,0.000,0.000,2016-12-10,01:02:54,21,12,12,3,41030200,410459,410588,410685,41077a,410c0a24,410d00,410e92,410f4d,411000a4,41112f,411523ff,411f1ecd,err,4124807c6985,412e23,4130ff,413141f2,err,4134803d7fff,413c1542,413e12d1,414233e1,41430023,41447ff2,414500,err,414928,err,414c2f,414d0000,414e7e66
2016-12-10 09:03:33,1,113.33835-E,23.16527-N,55.1m,1.1,0.7,0.9,0.000,0.000,2016-12-10,01:02:55,21,12,12,3,41030200,410459,410588,410685,41077a,410c0a21,410d00,410e93,410f4d,411000a4,err,411523ff,411f1ece,41210000,41247fe168e5,err,4130ff,413141f2,41335d,41347fd67ffc,413c153d,413e12ce,414233ba,err,41447ff2,err,414782,414928,414a51,414c2f,414d0000,414e7e66
2016-12-10 09:03:34,1,113.33835-E,23.16527-N,55.1m,1.2,0.7,1.0,0.000,0.000,2016-12-10,01:02:56,20,12,12,3,41030200,410459,410588,410685,41077a,410c0a28,410d00,410e92,410f4d,411000a4,41112f,411523ff,411f1ece,41210000,41247f456813,412e23,4130ff,err,41335d,41347f577ffa,413c1537,413e12ca,err,41430023,41447ff2,414500,414782,err,414a51,414c2f,414d0000,414e7e66
2016-12-10 09:03:35,1,113.33835-E,23.16527-N,55.1m,1.2,0.7,1.0,0.000,0.000,2016-12-10,01:02:57,20,12,12,3,41030200,410458,410588,err,41077a,410c0a05,410d00,err,410f4d,err,41112f,411523ff,411f1ed0,41210000,err,412e23,4130ff,413141f2,41335d,4134802e8000,413c1532,413e12c6,err,41430024,err,414500,414782,414928,414a51,414c2f,414d0000,414e7e66
2016-12-10 09:03:36,1,113.33835-E,23.16527-N,55.1m,1.2,0.7,1.0,0.000,0.000,2016-12-10,01:02:58,20,12,12,3,41030200,410459,410588,410685,err,410c0a08,410d00,410e91,410f4d,411000a2,41112f,err,411f1ed1,41210000,412480be69fd,412e23,err,413141f2,41335d,413480908000,413c152c,err,414233a6,41430024,41447ff2,414500,err,414928,414a51,414c2f,414d0000,414e7e66
2016-12-10 09:03:37,1,113.33835-E,23.16527-N,55.1m,1.2,0.7,1.0,0.000,0.000,2016-12-10,01:02:59,20,12,12,3,41030200,410459,410588,err,41077a,410c0a2e,410d00,410e8f,410f4e,411000a2,41112f,err,411f1ed2,41210000,41247fcd68c7,412e23,err,413141f2,41335d,41347fcf7ffc,413c1526,413e12be,414233ba,41430023,41447ff2,414500,414782,414928,414a51,414c2f,414d0000,err
2016-12-10 09:03:38,1,113.33835-E,23.16527-N,55.1m,1.2,0.7,1.0,0.000,0.000,2016-12-10,01:03:00,20,12,12,3,41030200,410458,410588,410685,41077a,410c0a0f,410d00,410e92,410f4e,411000a5,41112f,411523ff,411f1ed2,41210000,41247f92686d,412e23,4130ff,err,41335d,41347f9d7ffb,413c1526,err,414233a6,41430023,41447ff2,414500,414782,414928,err,414c2f,414d0000,414e7e66
2016-12-10 09:03:39,1,113.33835-E,23.16527-N,55.1m,1.2,0.7,1.0,0.000,0.000,2016-12-10,01:03:01,20,12,12,3,41030200,410459,410588,410685,41077a,410c0a18,410d00,410e91,410f4e,411000a0,41112f,411523ff,411f1ed3,41210000,41247faa6895,err,4130ff,413141f2,41335d,41347fc27ffc,err,413e12b5,414233a6,41430023,41447ff2,err,414782,414928,414a51,414c2f,err,414e7e66
2016-12-10 09:03:40,1,113.33835-E,23.16527-N,55.1m,1.1,0.7,0.9,0.000,0.000,2016-12-10,01:03:02,20,12,12,3,41030200,410458,410588,410685,41077a,410c09f6,410d00,410e95,410f4e,411000a4,41112f,411523ff,411f1ed4,41210000,41247fda68d1,412e23,4130ff,413141f2,41335d,err,413c1518,413e12b5,414233ba,err,41447ff2,414500,414782,414928,414a51,414c2f,414d0000,err
2016-12-10 09:03:41,1,113.33835-E,23.16527-N,55.1m,1.1,0.7,0.9,0.000,0.000,2016-12-10,01:03:03,20,12,12,3,err,410459,410589,410685,41077a,410c0a08,err,410e92,410f4e,411000a2,41112f,411523ff,411f1ed6,41210000,err,412e23,4130ff,413141f2,41335d,413480578000,413c1511,413e12ac,4142337f,41430025,41447ff2,414500,414782,414928,414a51,414c2f,414d0000,414e7e66
2016-12-10 09:03:42,1,113.33835-E,23.16527-N,55.1m,1.1,0.7,0.9,0.000,0.000,2016-12-10,01:03:04,20,12,12,3,41030200,410459,410589,410685,41077a,410c09e6,410d00,410e93,410f4e,411000a2,41112f,411523ff,411f1ed6,41210000,4124801e6921,err,4130ff,413141f2,41335d,4134801a7ffe,err,413e12ac,41423393,41430025,41447ff2,err,414782,414928,414a51,414c2f,err,414e7e66
2016-12-10 09:03:43,1,113.33835-E,23.16527-N,55.1m,1.1,0.7,0.9,0.000,0.000,2016-12-10,01:03:05,20,12,12,3,err,410459,410588,410685,41077a,410c09ef,410d00,err,410f4e,411000a5,41112f,411523ff,err,41210000,41247fc468bd,412e23,4130ff,err,41335d,41347fc77ffd,413c14fc,413e12a3,41423393,41430024,41447ff2,err,414782,414928,414a51,414c2f,err,414e7e66
2016-12-10 09:03:44,1,113.33835-E,23.16527-N,55.1m,1.5,0.8,1.3,0.000,0.000,2016-12-10,01:03:06,20,12,12,3,41030200,410459,410588,410685,41077a,410c0a2e,410d00,410e91,410f4e,411000a2,41112f,411523ff,411f1ed8,41210000,41247f526809,412e23,4130ff,413141f2,41335d,41347f477ff9,413c14fc,413e12a3,414233a6,41430024,41447ff2,414500,414782,414928,414a51,414c2f,414d0000,414e7e66
2016-12-10 09:03:45,1,113.33835-E,23.16527-N,55.1m,1.5,0.8,1.3,0.000,0.000,2016-12-10,01:03:07,20,12,12,3,41030200,410459,410588,410684,41077a,410c0a15,err,410e8f,410f4e,411000a0,41112f,err,411f1eda,41210000,41247ed56773,412e23,4130ff,413141f2,41335d,err,413c14f4,413e129e,41423393,41430024,err,414500,414782,414928,414a51,err,414d0000,414e7e66
2016-12-10 09:03:46,1,113.33835-E,23.16527-N,55.1m,1.5,0.8,1.3,0.000,0.000,2016-12-10,01:03:08,20,12,12,3,err,410458,410588,410684,err,410c09dd,410d00,410e92,410f4e,411000a2,41112f,err,411f1edb,41210000,4124805969a3,412e23,err,413141f2,41335d,4134805e8000,413c14e6,413e1295,41423393,41430025,41447ff2,414500,414782,414928,414a51,414c2f,414d0000,414e7e66
2016-12-10 09:03:47,1,113.33835-E,23.16527-N,55.1m,1.5,0.8,1.3,0.000,0.000,2016-12-10,01:03:09,20,12,12,3,41030200,410459,410588,410684,41077a,410c0a28,410d00,410e92,410f4e,411000a0,41112f,411523ff,411f1edb,err,4124809569df,412e23,4130ff,413141f2,41335d,4134809d8001,err,413e1295,4142337f,41430023,err,414500,414782,414928,414a51,414c2f,414d0000,414e7e66
2016-12-10 09:03:48,1,113.33835-E,23.16527-N,55.1m,1.4,0.8,1.2,0.000,0.000,2016-12-10,01:03:10,20,12,12,3,41030200,410458,err,410685,41077a,410c09f6,err,410e92,410f4e,4110009f,41112f,err,411f1edd,41210000,4124806f69c1,412e23,err,413141f2,41335d,413480718000,413c14de,err,41423393,41430024,41447ff2,414500,err,414928,414a51,414c2f,414d0000,err
2016-12-10 09:03:49,1,113.33835-E,23.16527-N,55.1m,1.4,0.8,1.2,0.000,0.000,2016-12-10,01:03:11,21,12,12,3,41030200,410458,410587,410686,41077a,410c0a1e,410d00,410e90,410f4e,411000a0,41112f,41151fff,411f1ede,41210000,err,412e23,4130ff,413141f2,41335d,413480858001,413c14d7,413e128c,41423393,41430024,41447ff2,414500,414782,414928,414a51,414c2f,err,414e7e67
2016-12-10 09:03:50,1,113.33835-E,23.16527-N,55.1m,1.4,0.8,1.2,0.000,0.000,2016-12-10,01:03:12,21,12,12,3,41030200,410458,410587,410686,41077a,410c0a02,410d00,410e91,410f4e,411000a4,41112f,err,411f1ede,41210000,41248090698f,err,4130ff,413141f2,41335d,413480558000,err,413e1287,4142337f,41430024,41447ff2,err,414782,414928,414a51,414c2f,err,414e7e67
2016-12-10 09:03:51,1,113.33835-E,23.16527-N,55.1m,1.5,0.8,1.3,0.000,0.000,2000-00-00,01:03:13,20,12,12,3,41030200,410458,410587,410686,41077a,410c0a08,410d00,410e91,410f4e,411000a0,41112f,41151fff,err,41210000,41247fc268b3,412e23,4130ff,err,41335d,41347fd67ffd,413c14c9,413e1282,err,41430024,41447ff2,414500,414782,414928,414a51,414c2f,414d0000,414e7e67
2016-12-10 09:03:52,1,113.33835-E,23.16527-N,55.1m,1.4,0.8,1.2,2.810,0.000,2016-12-10,01:03:14,21,12,12,3,41030200,410458,410587,err,41077a,410c09f9,410d00,410e93,410f4e,411000a0,41112f,41151fff,411f1ee0,err,41247f736881,err,4130ff,413141f2,41335d,41347f6f7ffa,err,413e127d,4142337f,41430024,41447ff2,err,414782,414928,414a51,414c2f,414d0000,414e7e67
2016-12-10 09:03:53,1,113.33835-E,23.16527-N,55.1m,1.4,0.8,1.2,0.000,0.000,2016-12-10,01:03:15,21,12,12,3,41030200,410458,err,410686,41077a,410c0a1b,410d00,410e94,410f4e,411000a2,41112f,41151fff,411f1ee1,41210000,41247fa368a9,412e23,4130ff,413141f2,41335d,41347fbc7ffd,413c14bb,413e1279,4142336c,41430024,41447ff2,414500,414782,414928,414a51,err,414d0000,414e7e67
2016-12-10 09:03:54,1,113.33835-E,23.16527-N,55.1m,1.4,0.8,1.2,0.000,0.000,2016-12-10,01:03:16,21,12,12,3,41030200,410458,410587,410686,41077a,410c0a15,410d00,410e95,410f4e,411000a0,41112f,411523ff,411f1ee2,41210000,41247fc068d1,412e23,4130ff,413141f2,41335d,41347fc47ffc,err,413e1274,4142337f,41430025,err,414500,414782,414928,414a51,414c2f,414d0000,err
2016-12-10 09:03:55,1,113.33835-E,0.49861-N,55.1m,1.4,0.8,1.2,0.000,0.000,2016-12-10,01:03:17,21,12,12,3,41030200,410458,410586,410686,41077a,err,410d00,410e93,410f4e,4110009f,41112f,41151fff,err,41210000,41248027693f,412e23,err,413141f2,41335d,4134804e8000,413c14ad,413e126f,41423393,41430023,err,414500,414782,414928,414a51,err,414d0000,414e7e67
2016-12-10 09:03:56,1,113.33835-E,23.16527-N,55.1m,1.2,0.7,1.0,0.000,0.000,2016-12-10,01:03:18,21,12,12,3,41030200,410458,410586,410686,41077a,410c0a15,410d00,410e94,410f4e,411000a2,err,411523ff,411f1ee4,41210000,4124807c69c1,412e23,4130ff,err,41335d,413480608000,413c14a6,err,41423393,41430023,41447ff2,err,414782,414928,414a51,414c2f,err,414e7e67
2016-12-10 09:03:57,1,113.33835-E,23.16527-N,55.1m,1.2,0.7,1.0,0.000,0.000,2016-12-10,01:03:19,21,12,12,3,41030200,410458,410586,410687,41077a,410c0a2e,410d00,410e93,410f4e,4110009f,41112f,41151fff,411f1ee5,41210000,41247fa168bd,412e23,4130ff,err,41335d,41347f927ffb,413c149f,413e1266,err,41430024,41447ff2,414500,414782,err,414a51,414c2f,414d0000,414e7e67
2016-12-10 09:03:58,1,113.33835-E,23.16527-N,55.1m,1.2,0.7,1.0,0.000,0.000,2016-12-10,01:03:19,21,12,12,3,41030200,410458,410586,410686,41077a,410c09bd,410d00,410e91,err,411000a4,41112f,41151fff,411f1ee6,err,41247fdf68d1,412e23,4130ff,413141f2,err,41347fb57ffb,413c1498,413e1261,41423393,41430023,41447ff2,414500,414782,414928,414a51,414c2f,414d0000,414e7e67
2016-12-10 09:03:59,1,113.33835-E,23.16527-N,55.1m,1.3,0.7,1.0,0.000,0.000,2016-12-10,01:03:21,20,12,12,3,41030200,410458,410586,410686,41077a,410c0a34,410d00,410e94,410f4e,411000a0,41112f,41151fff,411f1ee7,41210000,41247f2f67f5,err,4130ff,413141f2,41335d,41347f247ff8,413c1491,413e125d,4142336c,41430023,41447ff2,414500,414782,414928,err,414c2f,414d0000,414e7e67
2016-12-10 09:04:00,1,113.33835-E,23.16527-N,55.1m,1.3,0.7,1.0,0.000,0.000,2016-12-10,01:03:22,20,12,12,3,41030200,410458,err,410686,41077a,410c09fc,410d00,410e97,410f4e,err,41112f,41151fff,411f1ee9,41210000,41247f626827,412e23,4130ff,413141f2,41335d,41347f5b7ff9,413c148a,413e1258,4142337f,41430023,41447ff2,414500,414782,414928,414a51,414c2f,414d0000,414e7e67
2016-12-10 09:04:01,1,113.33835-E,23.16527-N,55.1m,1.3,0.7,1.0,0.000,0.000,2016-12-10,01:03:23,20,12,12,3,err,410458,410586,err,41077a,410c0a34,410d00,err,410f4f,411000a4,41112f,41151fff,411f1eea,41210000,412480276949,412e23,4130ff,413141f2,41335d,413480297fff,413c1483,413e1253,4142337f,41430024,41447ff2,414500,414782,414928,414a51,414c2f,414d0000,414e7e67
2016-12-10 09:04:02,1,113.33835-E,23.16527-N,55.1m,1.2,0.7,1.0,0.000,0.000,2016-12-10,01:03:24,21,12,12,3,41030200,410458,410586,410686,41077a,410c0a24,410d00,410e94,410f4f,err,41112f,41151fff,411f1eea,41210000,41247ede6769,412e22,4130ff,413141f2,err,41347ecf7ff6,413c1483,413e1253,4142337f,41430024,41447ff2,err,414782,414928,414a51,err,414d0000,414e7e67
2016-12-10 09:04:03,1,113.33835-E,23.16527-N,55.1m,1.2,0.7,1.0,0.000,0.000,2016-12-10,01:03:25,21,12,12,3,41030200,410458,410585,410685,err,410c09f2,410d00,410e93,410f4f,411000a4,41112f,41151fff,411f1eeb,err,41247fe768ef,412e23,4130ff,413141f2,41335d,41347fe57ffd,err,413e124a,4142337f,41430024,41447ff2,err,414782,414928,414a51,414c2f,err,414e7e67
2016-12-10 09:04:04,1,113.33835-E,23.16527-N,55.1m,1.2,0.7,1.0,0.000,0.000,2016-12-10,01:03:26,21,12,12,3,41030200,410459,410585,err,41077a,410c09ff,410d00,410e95,410f4f,411000a2,err,41151fff,411f1eec,41210000,41247efd679b,err,4130ff,413141f2,41335d,41347ecd7ff5,413c1470,413e1245,414233a6,41430024,41447ff2,414500,414782,414928,414a51,414c2f,414d0000,414e7e67
2016-12-10 09:04:05,1,113.33835-E,23.16527-N,55.1m,1.2,0.7,1.0,2.810,0.000,2016-12-10,01:03:27,21,12,12,3,41030200,410458,err,410684,41077a,410c0a0f,410d00,410e94,410f4f,4110009f,41112f,41151fff,411f1eed,41210000,41247f1167c3,412e23,4130ff,err,41335d,41347f4c7ff9,413c1470,413e1245,4142336c,41430024,err,414500,414782,414928,414a51,414c2f,414d0000,err
2016-12-10 09:04:06,1,113.33835-E,23.16527-N,55.1m,1.4,0.7,1.1,0.000,0.000,2016-12-10,01:03:28,20,12,12,3,41030200,410458,410585,410684,41077a,410c0a08,410d00,410e95,410f4f,411000a2,41112f,41151fff,411f1eee,41210000,412480a069df,412e23,4130ff,413141f2,41335d,4134809b8001,err,413e1241,41423393,41430023,err,414500,414782,414928,err,414c2f,414d0000,414e7e67
2016-12-10 09:04:07,1,113.33835-E,23.16527-N,55.1m,1.3,0.7,1.0,2.810,0.000,2011-00-00,01:03:29,21,12,12,3,41030200,410458,410585,410685,41077a,410c0a3a,410d00,410e96,410f4f,411000a4,41112f,41151fff,411f1eef,41210000,4124807f698f,412e23,4130ff,413141f2,41335d,413480678000,413c1462,413e123c,4142337f,41430023,41447ff2,414500,414782,414928,414a51,414c2f,414d0000,414e7e67
2016-12-10 09:04:08,1,113.33835-E,23.16527-N,55.1m,1.3,0.7,1.0,0.000,0.000,2016-12-10,01:03:30,21,12,12,3,41030200,410458,410585,err,41077a,410c0a05,410d00,410e96,410f4f,411000a2,41112f,41151fff,411f1ef0,41210000,41247f9b6877,412e23,4130ff,413141f2,41335d,41347f927ffb,413c145c,413e1237,4142337f,41430023,41447ff2,414500,414782,414928,414a51,414c2f,err,414e7e67
2016-12-10 09:04:09,1,113.33835-E,23.16527-N,55.1m,1.3,0.7,1.0,0.000,0.000,2016-12-10,01:03:31,21,12,12,3,41030200,410458,410585,410684,41077a,410c0a21,410d00,410e94,410f4f,411000a2,41112f,err,411f1ef1,41210000,41247fb768c7,err,4130ff,413141f2,41335d,41347fee7ffe,413c1455,413e1232,4142337f,41430024,41447ff2,414500,414782,414928,414a51,414c2f,414d0000,414e7e67
2016-12-10 09:04:10,1,113.33835-E,23.16527-N,55.1m,1.3,0.7,1.0,0.000,0.000,2016-12-10,01:03:32,21,12,12,3,41030200,410459,410585,410685,41077a,410c0a18,410d00,410e95,410f4f,411000a2,41112f,41151fff,411f1ef2,41210000,4124802b6967,412e24,4130ff,err,41335d,413480187ffe,413c144e,413e122e,err,41430024,41447ff2,414500,414782,err,414a51,414c2f,414d0000,414e7e67
2016-12-10 09:04:11,1,113.33835-E,23.16527-N,55.1m,1.4,0.7,1.1,0.000,0.000,2016-12-10,01:03:33,20,12,12,3,41030200,err,410585,410684,41077a,err,410d00,410e94,410f50,411000a0,41112f,41151fff,err,41210000,41247f2d6813,412e23,4130ff,413141f2,41335d,41347f3f7ff9,err,413e1229,4142337f,41430024,41447ff2,err,414782,414928,414a51,414c2f,err,414e7e67
2016-12-10 09:04:12,1,113.33835-E,23.16527-N,55.1m,1.3,0.7,1.0,0.000,0.000,2016-12-10,01:03:34,21,12,12,3,41030200,410458,410585,410684,41077a,410c09fc,410d00,410e92,410f50,411000a4,41112f,41151fff,411f1ef4,err,412480af69df,412e23,4130ff,413141f2,err,413480768000,413c1441,413e1224,41423393,err,41447ff2,414500,414782,414928,err,414c2f,414d0000,414e7e67
2016-12-10 09:04:13,1,113.33835-E,23.16527-N,55.1m,1.3,0.7,1.0,0.000,0.000,2016-12-10,01:03:35,21,12,12,3,41030200,410458,410585,410685,41077a,410c0a37,410d00,410e93,err,4110009d,41112f,41151fff,411f1ef5,41210000,41247fe768d1,412e23,4130ff,413141f2,41335d,41347fda7ffd,413c143b,413e1220,41423393,41430023,41447ff2,414500,414782,414928,414a51,414c2f,414d0000,414e7e67
2016-12-10 09:04:14,1,113.33835-E,23.16527-N,55.1m,1.3,0.7,1.0,0.000,0.000,2016-12-10,01:03:36,21,12,12,3,41030200,410458,410585,410684,41077a,410c09ec,410d00,410e94,410f50,err,41112f,41151fff,411f1ef6,err,41247ff068ef,412e23,4130ff,err,41335d,4134801a7fff,413c1435,413e121b,4142337f,41430026,err,414500,414782,414928,414a51,err,414d0000,414e7e67
2016-12-10 09:04:15,1,113.33835-E,23.16527-N,55.1m,1.1,0.7,0.9,0.000,0.000,2016-12-10,01:03:37,21,12,12,3,41030200,err,410585,410685,41077a,410c0a12,410d00,410e93,err,411000a0,41112f,41151fff,411f1ef7,err,4124802e6917,412e23,4130ff,413141f2,err,413480087ffe,413c142f,413e1216,41423393,err,41447ff2,414500,414782,414928,err,414c2f,414d0000,414e7e67
2016-12-10 09:04:16,1,113.33835-E,23.16527-N,55.1m,1.1,0.6,0.9,0.000,0.000,2016-12-10,01:03:38,21,12,12,3,41030200,410458,410585,410685,41077a,err,410d00,410e94,410f50,411000a2,41112f,41151fff,411f1ef8,err,41247fc968c7,412e23,4130ff,413141f2,err,41347f6a7ff9,413c1428,413e1212,4142337f,41430023,41447ff2,414500,414782,414928,414a51,414c2f,414d0000,414e7e67
2016-12-10 09:04:17,1,113.33835-E,23.16527-N,55.1m,1.2,0.7,1.0,0.000,0.000,2016-12-10,01:03:39,21,12,12,3,41030200,410458,410585,410684,41077a,410c0a34,410d00,410e93,410f50,411000a0,41112f,41151fff,411f1ef9,41210000,err,412e23,4130ff,413141f2,41335d,41347ede7ff6,413c1422,err,4142337f,41430023,41447ff2,414500,err,414928,414a51,414c2f,414d0000,err
2016-12-10 09:04:18,1,113.33835-E,23.16527-N,55.1m,1.2,0.7,1.0,0.000,0.000,2016-12-10,01:03:40,21,12,12,3,41030200,410458,410585,410684,41077a,410c0a02,410d00,410e91,410f50,411000a0,41112f,41151fff,411f1efa,41210000,4124800d6917,412e23,4130ff,413141f2,41335d,4134800d7fff,err,413e1209,41423393,41430024,41447ff2,414500,414782,414928,414a51,414c2f,414d0000,414e7e67
2016-12-10 09:04:19,1,113.33835-E,23.16527-N,55.1m,1.3,0.7,1.0,0.000,0.000,2016-12-10,01:03:41,21,12,12,3,41030200,410459,410586,410685,41077a,410c09d0,410d00,410e97,410f50,411000a5,41112f,err,411f1efb,41210000,4124802b693f,412e23,4130ff,413141f2,41335d,413480277ffe,413c141c,413e1209,41423393,41430024,41447ff2,414500,414782,414928,414a51,414c2f,414d0000,414e7e67
2016-12-10 09:04:20,1,113.33835-E,23.16527-N,55.1m,1.3,0.7,1.0,0.000,0.000,2016-12-10,01:03:42,21,12,12,3,41030200,410459,410586,410684,41077a,410c0a0b,410d00,410e8f,410f50,411000a4,41112f,41151fff,411f1efc,41210000,err,412e23,4130ff,413141f2,41335d,41347eff7ff7,413c1416,413e1205,err,41430024,err,414500,414782,414928,414a51,414c2f,414d0000,414e7e67
2016-12-10 09:04:21,1,113.33835-E,23.16527-N,55.1m,1.4,0.8,1.2,0.000,0.000,2016-12-10,01:03:43,21,12,12,3,41030200,410459,410586,410684,41077a,410c0a44,410d00,410e91,410f50,411000a2,41112f,41151fff,411f1efd,41210000,41247eeb6791,412e23,4130ff,err,41335d,41347f0a7ff7,413c140f,413e1200,err,41430022,41447ff2,414500,414782,err,414a51,414c2f,414d0000,414e7e67
2016-12-10 09:04:22,1,0.00000-0,0.00000-1,55.1m,1.2,0.7,1.0,0.000,0.000,2000-00-00,00:00:00,21,12,12,3,41030200,410458,410586,err,41077a,err,410d00,410e95,410f50,411000a5,41112f,41151fff,411f1efe,err,41247f8b6881,412e23,4130ff,413141f2,err,41347fe17ffe,413c1404,413e11f8,41423393,err,41447ff2,414500,414782,414928,err,414c2f,414d0000,414e7e67
2016-12-10 09:04:23,1,113.33835-E,23.16527-N,55.1m,1.5,0.8,1.3,0.000,0.000,2016-12-10,01:03:45,21,12,12,3,41030200,410458,410586,410683,41077a,410c09ff,410d00,410e95,410f50,411000a4,41112f,41151fff,err,41210000,4124803f6999,412e23,4130ff,err,41335d,413480387fff,413c1404,413e11f8,err,41430024,41447ff2,414500,414782,err,414a51,414c2f,414d0000,414e7e67
2016-12-10 09:04:24,1,113.33835-E,23.16527-N,55.1m,1.5,0.8,1.3,0.000,0.000,2016-12-10,01:03:46,21,12,12,3,41030200,410459,410586,410684,41077a,410c0a44,410d00,410e91,410f50,411000a2,41112f,41151fff,err,41210000,4124805569a3,412e23,err,413141f2,41335d,413480327fff,413c13fe,err,41423393,41430023,41447ff2,414500,err,414928,414a51,414c2f,414d0000,414e7e67
2016-12-10 09:04:25,1,0.00000-.,23.16527-N,55.1m,1.3,0.8,1.1,0.000,0.000,2000-00-00,01:03:47,21,12,12,3,41030200,410458,410586,410684,41077a,err,410d00,410e91,410f50,411000a4,41112f,41151fff,err,41210000,41247fcb68bd,412e23,err,413141f2,41335d,41347fb37ffc,413c13f2,err,41423393,41430024,41447ff2,err,414782,414928,414a51,414c2f,err,414e7e67
2016-12-10 09:04:26,1,113.33835-E,23.16527-N,55.1m,1.2,0.7,1.0,0.000,0.000,2016-12-10,01:03:48,21,12,12,3,41030200,410458,410587,410684,41077a,410c09f2,410d00,410e97,410f50,411000a0,41112f,41151fff,411f1f02,41210000,err,412e23,4130ff,413141f2,err,41347fd17ffd,413c13f2,413e11eb,41423393,err,41447ff2,414500,414782,414928,err,414c2f,414d0000,414e7e67
2016-12-10 09:04:27,1,113.33835-E,23.16527-N,55.1m,1.3,0.7,1.0,0.000,0.000,2016-12-10,01:03:49,21,12,12,3,41030200,410459,410587,410684,41077a,410c0a1e,410d00,410e96,410f50,411000a0,41112f,41151fff,411f1f03,41210000,412480556971,412e23,4130ff,413141f2,41335d,err,413c13ec,413e11e7,41423393,err,41447ff2,414500,414782,err,414a51,414c2f,414d0000,414e7e67
2016-12-10 09:04:28,1,0.00000-1,23.16527-N,55.1m,1.3,0.7,1.0,0.000,0.000,2000-00-00,01:03:50,21,12,12,3,41030200,410459,410587,410684,41077a,410c09ff,410d00,410e91,410f50,411000a2,41112f,err,411f1f04,41210000,412480b86a1b,412e23,err,413141f2,41335d,413480cb8003,413c13e6,err,414233a6,41430024,41447ff2,414500,err,414928,414a51,414c2f,414d0000,414e7e67
2016-12-10 09:04:29,1,113.33835-E,23.16527-N,55.1m,1.3,0.7,1.0,2.810,0.000,2016-12-10,01:03:51,21,12,12,3,41030200,410459,410587,410685,41077a,410c0a31,410d00,410e94,410f50,411000a4,41112f,41151fff,411f1f05,err,412480436949,412e23,4130ff,413141f2,err,4134800a7ffe,413c13e1,413e11de,414233a6,41430023,41447ff2,414500,414782,414928,414a51,414c2f,414d0000,414e7e67
2016-12-10 09:04:30,1,113.33835-E,23.16527-N,55.1m,1.3,0.7,1.0,0.000,0.000,2016-12-10,01:03:52,21,12,12,3,err,410458,410587,410684,41077a,410c09e6,err,410e99,410f50,411000a2,41112f,411523ff,411f1f06,41210000,err,412e23,err,413141f2,41335d,41347f367ff8,413c13db,err,41423393,41430024,41447ff2,414500,err,414928,414a51,414c2f,414d0000,414e7e67
2016-12-10 09:04:31,1,113.33835-E,23.16527-N,55.1m,1.3,0.7,1.0,0.000,0.000,2016-12-10,01:03:53,21,12,12,3,41030200,410458,410587,err,41077a,410c0a37,410d00,410e92,410f50,411000a2,41112f,411523ff,411f1f07,41210000,41247f646831,412e23,4130ff,413141f2,41335d,41347f667ffa,413c13d5,413e11d6,err,41430023,41447ff2,414500,414782,err,414a51,414c2f,414d0000,414e7e67
2016-12-10 09:04:32,1,113.33835-E,23.16527-N,55.1m,1.3,0.7,1.0,0.000,0.000,2016-12-10,01:03:54,21,12,12,3,41030200,410458,410587,410684,41077a,410c09ec,410d00,410e99,410f50,411000a4,41112f,411523ff,err,41210000,41247fd468e5,412e23,4130ff,err,41335d,41347fe57fff,413c13cf,413e11d1,41423393,41430024,41447ff2,414500,414782,414928,414a51,414c2f,414d0000,414e7e67
2016-12-10 09:04:33,1,113.33835-E,23.16527-N,55.1m,1.3,0.7,1.0,0.000,0.000,2016-12-10,01:03:55,21,12,12,3,41030200,410459,410587,410684,41077a,410c0a12,410d00,410e96,410f50,411000a4,41112f,41151fff,411f1f09,err,41247ff768ef,412e23,4130ff,413141f2,41335d,41347fea7ffd,413c13ca,413e11cd,414233a6,41430023,41447ff2,414500,414782,414928,414a51,414c2f,414d0000,414e7e67
2016-12-10 09:04:34,1,113.33835-E,23.16527-N,55.1m,1.3,0.7,1.0,0.000,0.000,2016-12-10,01:03:56,21,12,12,3,41030200,410458,410587,410684,41077a,err,410d00,410e95,410f50,411000a0,41112f,411523ff,err,41210000,41247ff06903,412e23,4130ff,err,41335d,413480187fff,413c13c4,413e11c9,err,41430024,41447ff2,414500,414782,err,414a51,414c2f,414d0000,414e7e67
2016-12-10 09:04:35,1,113.33835-E,23.16527-N,55.1m,1.3,0.7,1.0,0.000,0.000,2016-12-10,01:03:57,21,12,12,3,41030200,410458,410587,410684,41077a,410c0a05,410d00,410e93,410f50,411000a2,41112f,41151fff,err,41210000,412480e36a1b,412e22,4130ff,err,41335d,err,413c13bf,err,4142337f,41430024,41447ff2,err,414782,414928,414a51,err,414d0000,414e7e67
2016-12-10 09:04:36,1,113.33835-E,23.16527-N,55.1m,1.3,0.7,1.0,0.000,0.000,2016-12-10,01:03:58,21,12,12,3,41030200,410459,410587,410685,41077a,410c0a0f,410d00,410e93,410f51,err,41112f,411523ff,411f1f0c,err,412480156917,412e23,4130ff,413141f2,41335d,4134800a7ffe,err,413e11c0,414233a6,41430023,err,414500,414782,414928,414a51,err,414d0000,414e7e67
2016-12-10 09:04:37,1,113.33835-E,23.16527-N,55.1m,1.3,0.7,1.0,0.000,0.000,2016-12-10,01:03:59,21,12,12,3,41030200,410459,err,410685,41077a,410c09fc,410d00,410e90,410f51,err,41112f,411523ff,411f1f0d,41210000,err,412e23,4130ff,413141f2,41335d,err,413c13b4,413e11bc,41423393,41430024,err,414500,414782,414928,414a51,err,414d0000,414e7e67
2016-12-10 09:04:38,1,113.33835-E,23.16527-N,55.1m,1.3,0.8,1.0,0.000,0.000,2016-12-10,01:04:00,21,12,12,3,41030200,410458,410587,410684,41077a,410c0a15,410d00,410e91,410f51,411000a0,41112f,411523ff,err,41210000,41247eb76737,412e23,4130ff,err,41335d,41347e947ff3,413c13af,413e11b7,err,41430024,41447ff2,414500,414782,414928,414a51,414c2f,err,414e7e67
2016-12-10 09:04:39,1,113.33835-E,23.16527-N,55.1m,1.3,0.8,1.0,0.000,0.000,2016-12-10,01:04:01,21,12,12,3,41030200,410458,410587,410684,41077a,410c0a08,410d00,410e92,410f51,4110009f,41112f,411523ff,411f1f0f,err,41247f686845,412e22,4130ff,413141f2,err,41347f5d7ffa,413c13a9,413e11b3,41423393,err,41447ff2,414500,414782,414928,err,414c2f,414d0000,414e7e67
2016-12-10 09:04:40,1,113.33835-E,23.16527-N,55.1m,1.3,0.7,1.0,0.000,0.000,2016-12-10,01:04:02,21,12,12,3,41030200,410458,410587,410684,41077a,410c09e9,410d00,410e98,410f51,411000a4,41112f,411523ff,411f1f0f,41210000,4124806969b7,412e23,4130ff,413141f2,41335d,413480788001,err,413e11b3,414233a6,41430024,41447ff2,err,414782,414928,414a51,414c2f,err,414e7e67
2016-12-10 09:04:41,1,113.33835-E,23.16527-N,55.1m,1.3,0.7,1.0,0.000,0.000,2016-12-10,01:04:03,21,12,12,3,41030200,410458,410587,410685,41077a,410c0a37,410d00,410e93,410f51,411000a4,41112f,41151fff,411f1f10,41210000,412480c96a25,412e23,4130ff,413141f2,err,413480768000,413c13a4,413e11af,err,41430024,41447ff2,414500,414782,414928,414a51,err,414d0000,414e7e67
2016-12-10 09:04:42,1,113.33835-E,23.16527-N,55.1m,1.3,0.7,1.0,0.000,0.000,2016-12-10,01:04:04,21,12,12,3,err,410458,410588,410685,41077a,410c09ec,410d00,410e96,410f51,411000a4,41112f,411523ff,411f1f12,41210000,41247fc768b3,412e23,4130ff,413141f2,41335d,41347fc77ffc,413c139e,err,414233a6,41430023,41447ff2,414500,err,414928,414a51,414c2f,414d0000,err
2016-12-10 09:04:43,1,113.33835-E,23.16527-N,55.1m,1.3,0.7,1.0,0.000,0.000,2016-12-10,01:04:05,21,12,12,3,41030200,410459,410588,410685,41077a,410c0a18,410d00,410e93,410f51,411000a2,41112f,411523ff,411f1f12,41210000,41247ff9692b,412e23,4130ff,413141f2,41335d,41347ffd7ffe,413c1399,413e11a6,41423393,41430023,41447ff2,414500,414782,414928,414a51,414c2f,414d0000,414e7e67
2016-12-10 09:04:44,1,113.33835-E,23.16527-N,55.1m,1.3,0.7,1.0,0.000,0.000,2016-12-10,01:04:06,21,12,12,3,41030200,410459,410588,410684,41077a,410c09ef,410d00,410e99,410f51,411000a2,41112f,411523ff,411f1f13,41210000,err,412e22,4130ff,err,41335d,41347f787ffa,413c1394,413e11a2,41423393,err,41447ff2,414500,414782,414928,err,414c2f,414d0000,414e7e67
2016-12-10 09:04:45,1,113.33835-E,23.16527-N,55.1m,1.3,0.7,1.0,0.000,0.000,2016-12-10,01:04:07,21,12,12,3,41030200,410459,410588,410684,41077a,410c0a0f,410d00,410e94,410f51,411000a2,41112f,411523ff,411f1f14,err,41247fbc68db,412e23,4130ff,413141f2,err,41347fee7ffe,413c1389,413e1199,414233ba,err,41447ff2,414500,414782,414928,414a51,414c2f,414d0000,414e7e67
2016-12-10 09:04:46,1,0.00000-2,0.00000-2,55.1m,1.3,0.7,1.0,0.000,0.000,2000-00-00,01:04:08,21,12,12,3,41030200,410459,410588,410684,41077a,410c0a12,410d00,410e95,410f51,411000a2,41112f,411523ff,411f1f15,41210000,4124806969b7,412e23,4130ff,413141f2,41335d,4134807f8000,err,413e1199,41423393,41430024,err,414500,414782,414928,414a51,err,414d0000,414e7e67
2016-12-10 09:04:47,1,113.33835-E,23.16527-N,55.1m,1.3,0.8,1.1,0.000,0.000,2016-12-10,01:04:09,21,12,12,3,41030200,410459,410588,410685,41077a,err,410d00,410e97,410f51,411000a4,41112f,411523ff,411f1f16,41210000,4124806069d5,412e23,4130ff,413141f2,41335d,413480648000,err,413e1195,41423393,41430023,err,414500,414782,414928,414a51,414c2f,414d0000,err
2016-12-10 09:04:48,1,113.33835-E,23.16527-N,55.1m,1.3,0.8,1.0,0.000,0.000,2016-12-10,01:04:10,21,12,12,3,41030200,410458,410588,410684,41077a,410c0a28,410d00,410e94,410f51,411000a0,41112f,411523ff,411f1f17,41210000,41247fb76895,412e23,4130ff,413141f2,41335d,41347fae7ffb,413c137f,413e1192,4142337f,41430024,41447ff2,414500,414782,414928,414a51,414c2f,414d0000,err
2016-12-10 09:04:49,1,113.33835-E,23.16527-N,55.1m,1.3,0.8,1.1,0.000,0.000,2016-12-10,01:04:11,21,12,12,3,41030200,410458,410588,410685,41077a,410c0a0b,410d00,410e94,410f51,411000a0,41112f,411523ff,411f1f18,41210000,4124801a695d,412e23,4130ff,413141f2,err,413480258000,413c137a,413e118e,err,41430024,41447ff2,414500,err,414928,414a51,414c2f,414d0000,414e7e67
2016-12-10 09:04:50,1,113.33835-E,23.16527-N,55.1m,1.3,0.7,1.0,0.000,0.000,2016-12-10,01:04:12,21,12,12,3,41030200,410459,410588,410685,41077a,410c0a31,410d00,410e93,410f51,411000a2,41112f,411523ff,411f1f19,41210000,4124810f6a61,412e23,4130ff,413141f2,41335d,413480fc8003,413c1375,413e118a,414233a6,41430023,err,414500,err,414928,414a51,414c2f,414d0000,414e7e68
2016-12-10 09:04:51,1,113.33835-E,23.16527-N,55.1m,1.3,0.7,1.0,0.000,0.000,2016-12-10,01:04:13,21,12,12,3,41030200,410458,410588,410685,41077a,410c0a1b,410d00,410e93,410f51,411000a2,err,411523ff,411f1f1b,41210000,41247f4a6809,412e22,4130ff,413141f2,err,41347f687ffa,413c1370,413e1186,414233a6,41430024,41447ff2,414500,414782,414928,414a51,414c2f,414d0000,414e7e68
2016-12-10 09:04:52,1,113.33835-E,23.16527-N,55.1m,1.3,0.7,1.0,0.000,0.000,2016-12-10,01:04:14,21,12,12,3,41030200,410459,410588,410685,41077a,410c09f2,410d00,410e92,410f51,411000a4,41112f,err,411f1f1b,41210000,41247f4567ff,412e23,err,413141f2,41335d,41347f247ff8,413c136b,err,41423393,41430024,41447ff2,414500,err,414928,414a51,414c2f,414d0000,414e7e68
2016-12-10 09:04:53,1,113.38333-0,23.16527-N,55.1m,1.3,0.8,1.1,0.000,0.000,2000-00-00,01:04:15,21,12,12,3,err,410459,410588,410684,41077a,410c09fc,410d00,410e94,410f51,411000a4,41112f,411523ff,411f1f1c,41210000,41247f3467ff,err,4130ff,413141f2,41335d,41347f557ff9,err,413e117e,41423393,41430025,41447ff2,414500,414782,414928,err,414c2f,414d0000,414e7e68
2016-12-10 09:04:54,1,113.33835-E,23.16527-N,55.1m,1.3,0.8,1.1,0.000,0.000,2016-12-10,01:04:16,21,12,12,3,41030200,410459,err,410684,41077a,410c0a21,410d00,err,410f51,411000a2,41112f,411523ff,411f1f1e,41210000,41247f9d6877,err,4130ff,413141f2,41335d,41347f857ffa,err,413e117a,err,41430024,41447ff2,414500,414782,414928,414a51,414c2f,414d0000,414e7e68
2016-12-10 09:04:55,1,113.33835-E,23.16527-N,55.1m,1.3,0.8,1.1,0.000,0.000,2016-12-10,01:04:17,21,12,12,3,41030200,410459,410588,410684,41077a,410c0a21,err,410e92,410f51,411000a2,41112f,411523ff,411f1f1e,41210000,41247fc06895,412e23,4130ff,413141f2,41335d,41347fa37ffb,413c135c,413e1176,41423393,err,41447ff2,414500,414782,414928,err,414c2f,414d0000,414e7e68
2016-12-10 09:04:56,1,113.33835-E,23.16527-N,55.1m,1.3,0.8,1.1,0.000,0.000,2016-12-10,01:04:18,21,12,12,3,41030200,410459,410588,410684,41077a,410c09f6,410d00,410e97,410f51,err,41112f,411523ff,411f1f1f,41210000,err,412e23,4130ff,413141f2,41335d,41347fda7ffd,413c1357,413e1172,414233a6,41430024,41447ff2,414500,414782,414928,414a51,414c2f,414d0000,414e7e68
2016-12-10 09:04:57,1,113.33835-E,23.16527-N,55.1m,1.4,0.8,1.2,0.000,0.000,2016-12-10,01:04:19,20,12,12,3,41030200,err,410588,410684,41077a,err,410d00,410e96,410f51,411000a5,41112f,411523ff,411f1f21,41210000,41247f52681d,412e24,4130ff,413141f2,41335d,41347f4a7ff9,413c1352,413e116e,41423393,41430024,41447ff2,414500,414782,414928,414a51,414c2f,414d0000,414e7e68
2016-12-10 09:04:58,1,113.33835-E,23.16527-N,55.1m,1.3,0.8,1.1,0.000,0.000,2016-12-10,01:04:20,21,12,12,3,41030200,410459,err,410684,41077a,410c0a2e,410d00,410e94,410f51,err,41112f,411523ff,411f1f21,41210000,41247f3867ff,412e23,4130ff,413141f2,41335d,41347f317ff9,413c134e,413e116a,4142337f,41430024,41447ff2,414500,414782,414928,414a51,414c2f,414d0000,414e7e68
2016-12-10 09:04:59,1,113.33835-E,23.16527-N,55.1m,1.4,0.8,1.2,0.000,0.000,2016-12-10,01:04:21,20,12,12,3,41030200,410459,410588,410683,41077a,410c0a08,410d00,410e93,410f51,411000a4,41112f,411523ff,411f1f22,41210000,41247f78686d,412e23,4130ff,413141f2,41335d,err,413c1349,413e1167,4142337f,41430024,err,414500,414782,414928,414a51,414c2f,414d0000,414e7e68
2016-12-10 09:05:00,1,113.33835-E,23.16527-N,55.1m,1.3,0.7,1.0,0.000,0.000,2016-12-10,01:04:22,21,12,12,3,41030200,410459,410588,410684,err,410c09cd,410d00,410e96,410f52,411000a2,41112f,411523ff,411f1f23,41210000,err,412e23,err,413141f2,41335d,4134805c8000,413c1344,err,41423393,41430024,41447ff2,414500,err,414928,414a51,414c2f,414d0000,414e7e68
2016-12-10 09:05:01,1,113.33835-E,23.16527-N,55.1m,1.3,0.7,1.0,0.000,0.000,2016-12-10,01:04:23,21,12,12,3,41030200,410459,410588,410684,41077a,410c0a05,410d00,410e96,410f52,411000a0,41112f,411523ff,411f1f24,41210000,4124805e6985,412e23,4130ff,413141f2,41335d,413480578000,413c1344,err,4142336c,41430024,41447ff2,414500,err,414928,414a51,414c2f,414d0000,414e7e68
2016-12-10 09:05:02,1,113.33835-E,23.16527-N,55.1m,1.2,0.7,1.0,0.000,0.000,2016-12-10,01:04:24,21,12,12,3,41030200,410459,410589,410684,41077a,410c0a0b,410d00,410e99,410f51,411000a2,41112f,411523ff,411f1f25,41210000,412480b369cb,412e23,4130ff,413141f2,41335d,413480a08001,413c1340,err,4142336c,41430025,41447ff2,414500,err,414928,414a51,414c2f,414d0000,414e7e68
2016-12-10 09:05:03,1,113.33835-E,23.16527-N,55.1m,1.3,0.7,1.0,0.000,0.000,2016-12-10,01:04:25,20,12,12,3,41030200,41045a,410589,410684,41077a,410c0a3d,410d00,410e94,410f52,411000a7,41112f,411523ff,411f1f26,41210000,41247fcb68b3,err,4130ff,413141f2,41335d,41347f7c7ffa,err,413e1157,4142336c,41430024,41447ff2,err,414782,414928,414a51,414c2f,err,414e7e68
2016-12-10 09:05:04,1,113.33835-E,23.16527-N,55.1m,1.3,0.7,1.0,0.000,0.000,2016-12-10,01:04:26,21,12,12,3,41030200,err,410588,410684,41077a,err,410d00,410e8e,410f52,411000a4,41112f,411523ff,err,41210000,41247f626845,412e23,4130ff,err,41335d,41347f757ffa,413c1332,err,4142336c,41430025,41447ff2,414500,414782,414928,414a51,414c2f,414d0000,414e7e68
2016-12-10 09:05:05,1,113.33835-E,23.16527-N,55.1m,1.2,0.7,1.0,0.000,0.000,2016-12-10,01:04:27,21,12,12,3,41030200,41045a,410588,410684,41077a,410c09ff,410d00,410e91,410f52,411000a2,41112f,err,411f1f28,41210000,41247f3867ff,412e23,4130ff,413141f2,41335d,err,413c1332,err,4142337f,41430025,41447ff2,414500,err,414928,414a51,414c2f,414d0000,414e7e68
2016-12-10 09:05:06,1,113.33835-E,23.16527-N,55.1m,1.3,0.7,1.0,0.000,0.000,2016-12-10,01:04:27,20,12,12,3,41030200,410459,err,410684,41077a,410c0a0b,410d00,410e8f,410f52,411000a2,41112f,411523ff,411f1f29,41210000,41247fc768d1,412e24,4130ff,413141f2,41335d,41347fcf7ffe,err,413e114f,4142337f,41430024,err,414500,414782,414928,414a51,414c2f,414d0000,err
2016-12-10 09:05:07,1,113.33835-E,23.16527-N,55.1m,1.3,0.7,1.0,0.000,0.000,2016-12-10,01:04:29,20,12,12,3,41030200,410459,410588,410684,41077a,410c09e0,err,410e92,410f52,411000a2,41112f,411523ff,411f1f2a,41210000,4124807169ad,412e23,4130ff,413141f2,41335d,413480858000,413c1328,413e114b,4142337f,41430025,41447ff2,414500,err,414928,414a51,414c2f,err,414e7e68
2016-12-10 09:05:08,1,113.33835-E,23.16527-N,55.1m,1.3,0.7,1.0,0.000,0.000,2016-12-10,01:04:30,20,12,12,3,err,41045a,410588,410684,41077a,410c0a0f,410d00,410e92,410f52,411000a5,41112f,err,411f1f2b,41210000,41248008690d,412e24,err,413141f2,41335d,41347fe77ffd,413c1324,err,4142336c,41430024,41447ff2,414500,414782,414928,414a51,err,414d0000,414e7e68
2016-12-10 09:05:09,1,113.33835-E,23.16527-N,55.1m,1.2,0.7,1.0,0.000,0.000,2016-12-10,01:04:31,22,12,12,3,41030200,410459,410588,410684,41077a,410c09ef,410d00,410e90,410f52,411000a2,41112f,411523ff,411f1f2c,41210000,41248008690d,412e23,4130ff,413141f2,41335d,41347ffb7ffd,413c131f,413e1143,4142337f,41430024,41447ff2,414500,414782,414928,414a51,414c2f,414d0000,414e7e68
2016-12-10 09:05:10,1,113.33835-E,23.16527-N,55.1m,1.3,0.7,1.0,0.000,0.000,2016-12-10,01:04:32,22,12,12,3,41030200,410459,410588,410684,41077a,410c09fc,410d00,410e91,410f52,411000a2,41112f,411523ff,411f1f2d,41210000,41248018692b,412e23,err,413141f2,err,41347ff57ffd,413c131b,413e1140,4142336c,41430024,41447ff2,414500,414782,414928,414a51,414c2f,414d0000,414e7e68
2016-12-10 09:05:11,1,113.33835-E,23.16527-N,55.1m,1.3,0.7,1.0,0.000,0.000,2016-12-10,01:04:33,21,12,12,3,41030200,410459,410587,410684,41077a,410c0a1b,err,410e8f,410f52,411000a0,err,411523ff,411f1f2e,41210000,41247fe168f9,412e23,4130ff,err,41335d,41347fcb7ffd,413c1316,err,4142337f,41430024,41447ff2,414500,err,414928,414a51,414c2f,414d0000,err
2016-12-10 09:05:12,1,113.33835-E,23.16527-N,55.1m,1.3,0.7,1.0,0.000,0.000,2016-12-10,01:04:34,21,12,12,3,41030200,410459,410587,410684,41077a,410c0a12,410d00,410e97,410f52,411000a2,41112f,err,411f1f2f,41210000,41248013693f,err,4130ff,413141f2,41335d,4134800d7ffe,err,413e1138,4142336c,41430024,41447ff2,err,414782,414928,414a51,414c2f,414d0000,414e7e68
2016-12-10 09:05:13,1,113.33835-E,23.16527-N,55.1m,1.3,0.7,1.0,0.000,0.000,2016-12-10,01:04:35,22,12,12,3,41030200,410459,410587,410685,41077a,410c0a1b,410d00,err,410f52,411000a4,41112f,411523ff,411f1f30,41210000,412480436985,412e23,4130ff,413141f2,41335d,4134804e8000,413c130e,413e1134,4142336c,41430024,err,414500,414782,414928,414a51,414c2f,414d0000,err
2016-12-10 09:05:14,1,113.33835-E,23.16527-N,55.1m,1.3,0.7,1.0,0.000,0.000,2016-12-10,01:04:36,22,12,12,3,41030200,410459,410587,410685,41077a,410c0a1e,410d00,err,410f52,411000a2,41112f,411523ff,411f1f31,41210000,41248008692b,412e23,4130ff,413141f2,41335d,4134800f7ffe,413c1309,413e1130,41423358,41430024,41447ff2,414500,err,414928,414a51,414c2f,err,414e7e68
2016-12-10 09:05:15,1,113.33835-E,23.16527-N,55.1m,1.3,0.7,1.1,0.000,0.000,2016-12-10,01:04:37,21,12,12,3,41030200,410459,410586,410685,41077a,410c0a02,410d00,410e8e,410f52,411000a2,41112f,411523ff,411f1f32,41210000,err,412e23,4130ff,413141f2,41335d,413482ff8010,413c1305,413e112c,41423358,41430024,41447ff2,414500,414782,414928,414a51,414c2f,414d0000,414e7e68
2016-12-10 09:05:16,1,113.33835-E,23.16527-N,55.1m,1.3,0.7,1.0,0.000,0.000,2016-12-10,01:04:38,22,12,12,3,41030200,410461,410586,410687,41077a,410c0abe,410d00,410e83,410f52,411000ea,411132,411523ff,411f1f33,41210000,4124873c7029,412e2a,4130ff,413141f2,41335d,err,413c1300,413e1128,414233a6,err,41447ff2,414501,414785,414928,414a51,414c32,414d0000,err
2016-12-10 09:05:17,1,113.33835-E,23.16527-N,55.1m,1.3,0.7,1.1,0.000,0.000,2016-12-10,01:04:39,21,12,12,3,err,41046a,410586,41068b,41077a,410c0a7f,410d00,410e84,410f52,411000d4,411131,411517ff,411f1f34,41210000,412485536ed5,412e2c,4130ff,413141f2,41335d,err,413c12fc,413e1124,4142337f,4143002b,41447ff2,414500,414783,414928,414a51,414c30,414d0000,414e7e68
2016-12-10 09:05:18,1,113.33835-E,23.16527-N,55.1m,1.3,0.7,1.1,0.000,0.000,2016-12-10,01:04:40,21,12,12,3,41030200,410465,410586,41068d,41077a,410c09ec,410d00,410e91,err,411000bd,411130,411517ff,411f1f35,41210000,41247d726543,err,4130ff,413141f2,41335d,41347be37fe0,413c12f7,413e1120,4142315c,4143002d,41447ff2,err,414785,414928,414a51,err,414d0000,err
2016-12-10 09:05:19,1,113.33835-E,23.16527-N,55.1m,1.2,0.7,1.0,0.000,0.000,2016-12-10,01:04:41,21,12,12,3,41030200,41046b,err,410689,41077a,410c0950,410d00,410e9c,410f52,411000fa,err,41151bff,411f1f36,41210000,412480b36aa7,err,4130ff,413141f2,41335d,413483968014,err,413e111c,41423183,41430038,41447ff2,err,414785,414928,414a51,414c32,err,414e7e68
2016-12-10 09:05:20,1,113.33835-E,23.16527-N,55.1m,1.3,0.7,1.0,0.000,0.000,2016-12-10,01:04:42,22,12,12,3,41030200,410475,410586,41068b,41077a,410c094a,410d00,410e98,410f52,411000f5,411132,41151bff,411f1f37,err,4124893271a5,412e2e,4130ff,413141f2,err,413488eb8026,413c12ee,413e1118,414232bc,err,41447ff2,414501,414785,414928,414a51,414c32,414d0000,err
2016-12-10 09:05:21,1,113.33835-E,23.16527-N,55.1m,1.3,0.7,1.0,0.000,0.000,2016-12-10,01:04:43,22,12,12,3,err,410475,410586,41068d,41077a,410c0ae9,410d00,410e86,410f52,411000eb,411132,411513ff,411f1f38,41210000,412483c26d3b,err,4130ff,413141f2,41335d,41348298800b,err,413e1114,4142336c,4143002a,41447ff2,err,414784,414929,414a52,414c31,err,414e7e68
2016-12-10 09:05:22,1,113.33835-E,23.16527-N,55.1m,1.2,0.7,1.0,0.000,0.000,2016-12-10,01:04:44,22,12,12,3,41030200,41046a,410586,41068e,41077a,410c0a69,410d00,err,410f52,411000df,411131,411517ff,err,41210000,41247abc6133,412e2e,4130ff,err,41335d,413479d17fd0,413c12e4,413e110f,41423358,4143002f,41447ff2,err,414784,41492b,414a54,414c31,err,414e7e68
2016-12-10 09:05:23,1,113.33835-E,23.16527-N,51.2m,1.2,0.7,1.0,2.200,0.000,2016-12-10,01:04:45,22,12,12,3,41030200,410469,410586,41068b,err,410c0b0c,410d00,410e91,410f52,411000e4,411131,err,411f1f3a,41210000,41247d566561,err,4130ff,413141f2,41335d,41347e0e7ff1,err,413e110b,4142337f,4143002c,41447ff2,err,414784,41492a,414a53,414c31,err,414e7e68
2016-12-10 09:05:24,1,113.33835-E,23.16528-N,51.4m,1.3,0.7,1.0,2.700,0.000,2016-12-10,01:04:46,22,12,12,3,41030200,410465,410586,41068b,41077a,410c0b09,err,410e8d,410f52,411000dc,err,41151bff,411f1f3b,41210000,41247fbc68b3,412e2c,4130ff,413141f2,41335d,41347fb77ffc,413c12db,413e1107,4142337f,4143002b,41447ff2,414500,414784,414928,414a51,414c31,414d0000,414e7e68
2016-12-10 09:05:25,1,113.33834-E,23.16528-N,52.0m,1.3,0.8,1.0,2.700,0.000,2016-12-10,01:04:47,20,12,12,3,41030200,410464,410585,41068b,41077a,410c0ae3,410d00,410e8e,err,411000d6,411131,41151bff,411f1f3c,41210000,4124809069b7,err,4130ff,413141f2,41335d,err,413c12d6,413e1103,4142336c,4143002c,err,414500,414784,414928,414a51,err,414d0000,414e7e68
2016-12-10 09:05:26,1,113.33834-E,23.16529-N,52.3m,1.2,0.7,1.0,4.500,0.000,2016-12-10,01:04:48,21,12,12,3,41030200,410464,410585,41068c,41077a,410c0af0,410d04,410e8d,410f52,411000d9,411131,err,411f1f3d,41210000,4124807169f3,412e2b,err,413141f2,41335d,413480d68003,413c12d6,err,41423393,4143002c,41447ff2,414500,err,414928,414a51,414c31,414d0000,414e7e68
2016-12-10 09:05:27,1,113.33833-E,23.16529-N,52.3m,1.3,0.7,1.0,4.600,0.000,2016-12-10,01:04:49,22,12,12,3,41030200,410463,410585,41068d,41077a,410c0b12,410d04,410e8f,410f52,411000da,411131,41151fff,411f1f3e,41210000,412481326aa7,err,4130ff,413141f2,41335d,413481468005,413c12d1,413e10fe,err,4143002c,41447ff2,414500,err,41492c,414a55,414c31,err,414e7e68
2016-12-10 09:05:28,1,113.33832-E,23.16530-N,53.0m,1.2,0.7,1.0,5.900,0.000,2016-12-10,01:04:50,22,12,12,3,41030200,410463,410585,41068d,err,410c0b5a,410d06,410e8b,410f52,err,411131,41151fff,411f1f3f,41210000,41247f756863,412e2b,4130ff,413141f2,41335d,41347f737ffb,413c12cd,413e10fa,4142336c,41430030,41447ff2,414504,41478a,414937,414a5f,414c37,414d0000,414e7e68
2016-12-10 09:05:29,1,113.33831-E,23.16531-N,53.1m,1.2,0.7,1.0,5.700,0.000,2016-12-10,01:04:51,21,12,12,3,41030200,4104a8,410585,41068b,410782,410c164d,410d05,410ea1,410f52,4110037c,411139,err,411f1f40,41210000,4124800d645d,412ea3,err,413141f2,41335d,4134756f7f99,413c12c9,err,414233cd,4143003a,41447ff2,414506,err,414936,414a5f,414c38,414d0000,err
2016-12-10 09:05:30,1,3.50668-,,0.00000-0,53.5m,1.2,0.7,1.0,6.000,0.000,2016-12-10,12:00:23,21,12,12,3,41030200,41048d,410585,410684,410780,410c1769,410d09,err,410f52,4110033d,411139,411532ff,411f1f41,41210000,412485086d77,412e8f,4130ff,413141f2,41335d,413484e58012,413c12c9,413e10f2,414233cd,4143004d,41447ff2,414508,41478e,414937,414a60,414c39,414d0000,414e7e68
2016-12-10 09:05:31,1,113.33831-E,23.16532-N,54.9m,1.3,0.7,1.0,6.300,0.000,2016-12-10,01:04:53,22,12,12,3,41030200,41048a,410585,410684,410781,410c1a51,410d0b,err,410f52,41100321,411138,411532ff,411f1f42,41210000,err,412e91,4130ff,413141f2,41335d,41347cfa7fe1,413c12d1,413e10f1,414233f4,41430042,41447ff2,414508,41478e,414936,414a5f,414c39,414d0000,414e7e68
2016-12-10 09:05:32,1,113.33830-E,23.16534-N,55.5m,1.3,0.7,1.0,8.600,0.000,2016-12-10,01:04:54,21,12,12,3,41030200,41047b,410585,410680,41077e,410c1825,410d0f,410ebc,410f52,411002a9,411137,41153aff,411f1f43,41210000,41247e946679,412e74,4130ff,413141f2,41335d,41347e8b7ff2,413c12e0,err,414233e1,41430047,41447ff2,414506,41478c,414937,err,414c39,414d0000,414e7e68
2016-12-10 09:05:33,1,113.33830-E,23.16537-N,55.5m,1.3,0.7,1.0,10.600,0.000,2016-12-10,01:04:55,21,12,12,3,41030200,410490,err,410686,41077f,410c16e6,410d11,410ebb,410f51,4110027d,411137,41153aff,411f1f44,41210000,41247f3a66e7,412e7d,4130ff,413141f2,41335d,41347ef67ff1,413c12f2,413e10f3,414233f4,4143003d,41447ff2,414506,err,414935,414a5f,414c37,414d0000,err
2016-12-10 09:05:34,1,113.33831-E,23.16539-N,55.8m,1.3,0.8,1.1,11.600,0.000,2016-12-10,01:04:56,21,12,12,3,err,410472,410585,410683,err,410c14bd,410d13,410ebe,410f51,411001ce,411135,err,411f1f45,41210000,41247d1864cb,412e59,err,413141f2,41335d,41347d7b7fec,413c1302,err,414233f4,41430037,41447ff2,414505,err,414935,414a5e,414c36,414d0000,414e7e68
2016-12-10 09:05:35,1,113.33831-E,23.16543-N,55.9m,1.3,0.8,1.1,12.600,0.000,2016-12-10,01:04:57,21,12,12,3,41030200,410471,410586,410683,41077d,410c1543,410d15,410ebc,410f52,4110023f,411136,411536ff,411f1f46,41210000,412482826c0f,412e63,err,413141f2,41335d,413483f68011,413c1310,err,414233f4,41430040,41447ff2,414506,err,414933,414a5d,414c35,414d0000,414e7e68
2016-12-10 09:05:36,1,113.33831-E,23.16547-N,55.7m,1.3,0.7,1.0,13.500,0.000,2016-12-10,01:04:58,22,12,12,3,41030200,410464,410586,err,41077d,410c1514,410d15,err,410f51,41100132,411133,411536ff,err,41210000,41247e5b66d3,412e45,4130ff,err,41335d,41347e267ff0,413c131c,413e10f7,err,41430021,41447ff2,414502,414786,err,414a5b,414c33,414d0000,414e7e68
2016-12-10 09:05:37,1,113.33830-E,23.16551-N,54.4m,1.3,0.7,1.0,14.800,0.000,2016-12-10,01:04:59,21,12,12,3,41030200,410453,410586,410686,41077d,410c1433,410d15,410ea9,410f51,4110013b,411132,411532ff,411f1f48,41210000,41247eb767a5,412e40,err,413141f2,41335d,41347fd47ffe,err,413e10f8,4142341b,41430022,41447ff2,err,414789,414933,414a5c,414c35,414d0000,414e7e68
2016-12-10 09:05:38,1,113.33832-E,23.16555-N,55.7m,1.4,0.8,1.1,15.100,0.000,2016-12-10,01:05:00,20,12,12,3,41030200,err,410586,410685,41077d,err,410d16,410eb3,410f51,41100214,411136,411532ff,err,41210000,412484686e17,412e5a,4130ff,413141f2,41335d,413484a88016,413c132a,413e10f8,41423408,41430034,41447ff2,414504,414789,414933,414a5c,414c35,414d0000,414e7e68
2016-12-10 09:05:39,1,113.33831-E,23.16560-N,55.9m,1.4,0.8,1.1,15.200,0.000,2016-12-10,01:05:01,19,12,12,3,41030200,410461,410586,410688,41077d,410c1543,410d15,410eba,410f51,411001b2,err,41152eff,411f1f4a,41210000,41247e3c6679,412e55,4130ff,err,41335d,41347e287ff0,413c132f,err,4142341b,41430037,41447ff2,err,41478b,414936,414a5e,414c38,414d0000,414e7e68
2016-12-10 09:05:40,1,113.33830-E,23.16566-N,57.0m,1.4,0.8,1.1,18.200,0.000,2016-12-10,01:05:02,20,12,12,3,41030200,410474,410586,410687,41077d,410c16bd,410d15,410ebb,err,41100274,411137,41152eff,411f1f4b,err,412482776b29,412e6d,4130ff,413141f2,err,413480b87ffe,413c1335,413e10f8,4142341b,err,41447ff2,414506,41478b,414935,err,414c36,414d0000,414e7e68
2016-12-10 09:05:41,1,113.33834-E,23.16569-N,59.8m,1.3,0.7,1.1,15.700,0.000,2016-12-10,01:05:03,21,12,12,3,41030200,410471,410586,410687,41077d,410c1779,410d16,410ebf,410f51,4110028b,411137,41152aff,411f1f4c,41210000,41247eac66c9,412e6c,4130ff,err,41335d,41347fcf7ffb,413c133d,413e10f9,err,4143003b,41447ff2,414506,41478c,err,414a5e,414c37,414d0000,414e7e68
2016-12-10 09:05:42,1,113.33835-E,23.16574-N,61.6m,1.3,0.7,1.0,17.500,0.000,2016-12-10,01:05:04,21,12,12,3,41030200,410474,410586,410687,41077e,410c1883,410d18,410ebf,410f51,41100290,411137,41152aff,411f1f4d,41210000,41247fb36809,412e71,4130ff,413141f2,41335d,41347fb97ff9,413c1345,err,4142342f,err,41447ff2,414506,41478b,414935,414a5e,414c36,414d0000,414e7e68
2016-12-10 09:05:43,1,113.33834-E,23.16578-N,62.4m,1.3,0.7,1.0,16.800,0.000,2016-12-10,01:05:05,21,12,12,3,41030200,410465,410586,410686,41077d,410c187f,410d1a,410ec5,err,411001a4,411135,41152aff,411f1f4e,41210000,41247c2362e1,412e56,err,413141f2,41335d,41347af07fd9,413c134d,413e10fb,41423442,41430024,41447ff2,414503,414788,err,414a5c,414c34,414d0000,err
2016-12-10 09:05:44,1,113.33835-E,23.16581-N,64.7m,1.3,0.7,1.1,15.800,0.000,2016-12-10,01:05:06,21,12,12,3,41030200,41045a,410586,410683,41077d,err,410d19,410ebf,410f51,411001e1,err,41152aff,411f1f4f,41210000,412482e26c73,412e61,4130ff,413141f2,41335d,413482fa800d,413c1354,413e10fc,41423456,4143003b,41447ff2,414507,41478c,414935,414a5e,414c38,414d0000,414e7e68
2016-12-10 09:05:45,1,113.33834-E,23.16586-N,64.4m,1.5,0.7,1.4,21.700,0.000,2016-12-10,01:05:07,20,12,12,3,err,41046b,410586,410685,41077d,410c1980,410d19,err,410f50,4110019e,411134,41152aff,411f1f50,41210000,412481676a25,412e59,4130ff,413141f2,41335d,4134810d8001,413c135b,413e10fd,41423456,4143002a,41447ff2,414503,414788,414933,414a5c,414c34,414d0000,err
2016-12-10 09:05:46,1,113.33833-E,23.16591-N,65.4m,1.3,0.7,1.1,15.100,0.000,2016-12-10,01:05:08,21,12,12,3,err,41045e,410586,410686,41077d,410c1152,err,410ea8,410f50,411000da,411131,411527ff,411f1f51,err,41247c096345,412e36,4130ff,413141f2,err,41347b697fdc,413c1360,413e10fd,41423442,4143001b,41447ff2,414500,414783,414928,414a51,414c30,414d0000,414e7e68
2016-12-10 09:05:47,1,113.33828-E,23.16599-N,65.5m,1.4,0.8,1.1,3.326,0.000,2016-12-10,01:05:09,20,12,12,3,41030200,41044e,410586,410684,41077a,err,410d1b,410e9c,410f51,411000c0,411130,411527ff,411f1f51,41210000,41247a206039,412e28,4130ff,413141f2,41335d,41347a157fd2,err,413e10fd,4142342f,4143001d,err,414500,414783,414928,414a51,414c30,414d0000,err
2016-12-10 09:05:48,1,113.33825-E,23.16604-N,65.5m,1.4,0.8,1.1,20.000,0.000,2016-12-10,01:05:10,20,12,12,3,41030200,41044e,410586,410681,41077a,err,410d1a,410e9c,410f51,411000c3,411130,411527ff,err,41210000,4124811f6a9d,412e25,err,413141f2,41335d,413481d78009,413c1364,err,41423408,41430024,41447ff2,414500,err,414928,414a51,414c30,414d0000,414e7e68
2016-12-10 09:05:49,1,113.33823-E,23.16611-N,62.6m,1.3,0.7,1.1,19.100,0.000,2016-12-10,01:05:11,21,12,12,3,41030200,410455,410586,410682,41077a,err,410d17,410e9c,410f51,411000c4,411130,411523ff,411f1f54,41210000,412481396a9d,412e24,4130ff,413141f2,41335d,4134813b8004,413c1364,413e10fd,414233e1,41430029,41447ff2,err,414783,err,414a51,414c30,414d0000,414e7e68
2016-12-10 09:05:50,1,113.33821-E,23.16615-N,64.9m,1.4,0.8,1.1,3.351,0.000,2016-12-10,01:05:12,20,12,12,3,err,410461,410586,err,41077a,410c091e,410d11,410e9c,410f51,411000c3,411130,411523ff,411f1f55,41210000,4124819c6b15,412e24,4130ff,413141f2,41335d,413481a08007,413c1364,err,414233a6,41430028,41447ff2,err,414783,414928,414a51,err,414d0000,414e7e69
2016-12-10 09:05:51,1,113.33819-E,23.16618-N,66.8m,1.4,0.8,1.1,8.900,0.000,2016-12-10,01:05:13,20,12,12,3,41030200,41045e,err,410686,41077a,410c0bc7,410d0c,410e85,410f51,err,411131,411523ff,411f1f56,41210000,412484576dbd,412e2a,4130ff,413141f2,41335d,err,413c1361,err,414233cd,41430028,41447ff2,414500,err,41492b,414a55,414c31,414d0000,err
2016-12-10 09:05:52,1,113.33820-E,23.16621-N,71.0m,1.2,0.7,1.0,5.700,0.000,2016-12-10,01:05:14,20,12,12,3,41030200,41045d,410586,410686,41077a,410c0c5d,410d0a,err,410f51,411000e1,411131,41151fff,err,41210000,41247ecd675f,412e2c,4130ff,413141f2,41335d,41347edc7ff6,err,413e10f8,err,41430028,41447ff2,414500,414784,414931,414a5a,414c32,err,414e7e69
2016-12-10 09:05:53,1,113.33816-E,23.16627-N,65.9m,1.3,0.7,1.1,7.200,0.000,2016-12-10,01:05:15,19,12,12,3,err,41046f,410586,410684,41077d,410c0f2c,410d09,err,410f51,41100293,411137,41151fff,411f1f58,41210000,err,412e71,4130ff,413141f2,err,41348b328027,413c135e,413e10f7,41423408,4143003d,41447ff2,414505,err,414933,414a5c,414c35,414d0000,err
2016-12-10 09:05:54,1,113.33814-E,23.16631-N,63.3m,1.3,0.7,1.1,8.400,0.000,2016-12-10,01:05:16,19,12,12,3,41030200,41046c,410586,410686,41077d,410c14df,410d0a,410ebf,410f51,4110019e,411134,411517ff,411f1f59,41210000,41247a7c6089,412e57,4130ff,err,41335d,41347b087fdb,413c135e,413e10f7,err,41430034,41447ff2,414505,41478a,err,414a5d,414c36,414d0000,414e7e69
2016-12-10 09:05:55,1,113.33810-E,23.16636-N,63.2m,1.3,0.7,1.1,9.800,0.000,2016-12-10,01:05:17,19,12,12,3,err,41046a,410586,410685,41077d,err,410d0c,410ec0,410f50,4110025f,err,41151fff,err,41210000,412485466d9f,412e82,err,413141f2,41335d,4134858a8013,err,413e10f5,41423442,41430052,err,41450c,414792,414938,414a61,err,414d0000,414e7e69
2016-12-10 09:05:57,1,113.33807-E,23.16640-N,67.9m,1.3,0.7,1.1,8.500,0.000,2016-12-10,01:05:18,20,12,12,3,41030200,41049e,410586,410686,410783,410c19b5,410d0e,410eba,410f50,err,41113a,41151fff,411f1f5b,41210000,41247dce6421,412eae,4130ff,413141f2,41335d,41347dcc7fe5,err,413e10f7,41423442,4143005b,41447ff2,err,414790,414937,414a60,414c3a,err,414e7e69
2016-12-10 09:05:57,1,113.33804-E,23.16643-N,67.8m,1.4,0.8,1.2,12.400,0.000,2016-12-10,01:05:19,19,12,12,3,41030200,41049f,410586,410683,410782,410c187c,410d10,410eba,410f50,4110036b,err,411523ff,411f1f5c,41210000,41247def6471,412ea1,4130ff,err,41335d,41347f457ff2,413c1371,413e10f7,err,4143005c,41447ff2,41450a,err,41493a,414a63,414c3d,414d0000,err
2016-12-10 09:05:59,1,113.33805-E,23.16646-N,66.1m,1.5,0.8,1.2,8.100,0.000,2016-12-10,01:05:20,18,12,12,3,41030200,4104b4,410586,410685,410785,410c1b32,410d14,err,410f4f,411004e2,41113d,411527ff,err,41210000,41247aac5f03,412ee7,4130ff,413141f2,41335d,41347a807fca,413c1385,413e10fb,41423469,41430065,41447ff2,41450d,414794,414939,414a62,414c3d,414d0000,414e7e69
2016-12-10 09:05:59,1,113.33804-E,23.16649-N,66.5m,1.3,0.7,1.1,12.500,0.000,2016-12-10,01:05:21,18,12,12,3,41030200,4104af,410585,41067e,410785,410c1bfa,410d14,410ebd,410f4f,41100466,41113c,err,411f1f5d,41210000,41247c7064c1,err,4130ff,413141f2,41335d,err,413c13a6,413e1103,41423469,4143005b,41447ff2,41450b,414791,err,414a62,414c3c,414d0000,414e7e69
2016-12-10 09:06:00,1,3.53166-1,0.00000-0,66.0m,1.3,0.7,1.1,15.500,0.000,2016-12-10,00:00:00,18,12,12,3,41030200,4104a5,410586,41067e,410785,410c1c42,410d18,err,410f4e,41100490,41113c,411580ff,411f1f5e,41210000,err,412ec9,4130ff,413141f2,41335d,41347f067ff9,413c13cd,413e110d,err,41430058,41447ff2,41450a,414791,414937,414a61,414c3a,414d0000,414e7e69
2016-12-10 09:06:01,1,113.33797-E,23.16657-N,66.2m,1.4,0.8,1.2,18.800,0.000,2016-12-10,01:05:23,19,12,12,3,41030200,410496,410586,41067c,410784,410c1ca3,410d1a,410ec3,410f4e,41100428,err,411579ff,411f1f5f,41210000,41247fd468f9,412eb2,4130ff,err,41335d,4134802e8000,413c13f6,413e1118,err,41430041,41447ff2,414507,41478b,414933,414a5c,414c35,414d0000,414e7e69
2016-12-10 09:06:02,1,113.33790-E,23.16662-N,67.4m,1.4,0.7,1.2,23.400,0.000,2016-12-10,01:05:24,20,12,12,3,41030200,410454,410586,410671,41077d,410c171e,410d1c,err,410f4e,41100185,411135,411575ff,411f1f60,41210000,41247e80684f,err,4130ff,413141f2,41335d,413482e48013,err,413e1122,err,4143001d,41447ff2,414500,414783,41492f,414a58,414c31,err,414e7e69
2016-12-10 09:06:03,1,113.33786-E,23.16666-N,68.4m,1.5,0.8,1.2,27.100,0.000,2016-12-10,01:05:25,19,12,12,3,41030200,41044e,410586,41067e,41077a,err,410d1d,410e9c,410f4e,411000c4,411130,41156dff,411f1f61,41210000,412487d370d3,412e2a,err,413141f2,err,4134823e800a,413c1428,413e112a,41423469,err,41447ff2,414500,414783,41492f,414a58,414c30,err,414e7e69
2016-12-10 09:06:04,1,113.33780-E,23.16676-N,69.3m,1.3,0.7,1.1,29.300,0.000,2016-12-10,01:05:26,19,12,12,3,41030100,41044e,err,410680,41077a,410c0ebb,err,410e9c,410f4f,411000ce,411130,err,411f1f63,41210000,41247b4862af,412e00,err,413141f2,41335d,41347c217fe5,413c1437,err,41423456,41430020,41447ff2,414500,err,414928,414a51,414c30,414d0000,err
2016-12-10 09:06:05,1,113.33774-E,23.16682-N,68.2m,1.3,0.7,1.1,28.600,0.000,2016-12-10,01:05:27,19,12,12,3,41030200,410451,410586,41067d,41077a,410c0d8f,410d1b,410e9c,410f50,err,411130,41155dff,411f1f64,41210000,412481236abb,412e27,4130ff,413141f2,41335d,4134812c8006,413c1441,413e1137,41423442,41430021,41447ff2,414500,414783,414928,414a51,414c30,414d0000,414e7e69
2016-12-10 09:06:06,1,113.33767-E,23.16687-N,68.7m,0.0,0.1,1.1,27.700,0.000,2016-12-10,01:05:28,19,12,12,3,41030200,410452,410586,err,41077a,410c0dc8,410d1b,410e9b,410f50,411000c6,411130,411559ff,411f1f64,41210000,412484436e2b,412e28,4130ff,413141f2,err,413484458016,413c1447,413e113b,err,4143001f,41447ff2,414500,414783,414928,414a51,err,414d0000,414e7e69
2016-12-10 09:06:07,1,113.33757-E,23.16689-N,68.5m,1.3,0.7,1.1,27.000,0.000,2016-12-10,01:05:29,19,12,12,3,41030200,410450,410586,410682,41077a,err,410d1b,410e98,410f50,411000c1,411130,411552ff,411f1f65,41210000,412482316bfb,412e26,4130ff,413141f2,41335d,4134822e800b,413c1447,413e113b,414233cd,41430020,41447ff2,414500,414783,414928,414a51,414c30,414d0000,err
2016-12-10 09:06:08,1,113.33753-E,23.16693-N,67.2m,1.3,0.7,1.1,25.800,0.000,2016-12-10,01:05:30,19,12,12,3,41030200,err,410586,410683,41077a,410c0cb2,err,410e9c,410f50,411000c4,411130,41154eff,411f1f66,41210000,err,412e26,4130ff,413141f2,41335d,err,413c144b,413e1140,414233cd,41430026,err,414500,414783,414928,414a51,414c30,414d0000,414e7e69
2016-12-10 09:06:09,1,113.33747-E,23.16696-N,67.4m,1.3,0.7,1.1,24.300,0.000,2016-12-10,01:05:31,20,12,12,3,41030200,41045a,410586,410684,41077a,410c09ec,410d16,410e9c,410f50,411000c6,411130,41154aff,411f1f67,err,4124812c6a9d,412e24,4130ff,413141f2,41335d,413481358005,413c144a,413e1142,4142331d,4143002f,41447ff2,414500,414783,414928,414a51,414c30,414d0000,414e7e69
2016-12-10 09:06:10,1,113.33744-E,23.16700-N,66.1m,1.3,0.7,1.1,18.400,0.000,2016-12-10,01:05:32,20,12,12,3,41030200,410464,410586,410684,41077a,410c0963,410d10,410e9c,410f50,411000c1,411130,411546ff,err,41210000,412482586c2d,412e28,err,413141f2,41335d,413483528011,err,413e1143,414233ba,41430028,err,414500,414783,414928,414a51,414c30,414d0000,414e7e69
2016-12-10 09:06:11,1,113.33740-E,23.16701-N,67.5m,1.3,0.7,1.1,2.705,0.000,2016-12-10,01:05:33,20,12,12,3,41030200,410460,410586,410688,41077a,410c0b66,410d0c,410e87,410f51,411000ce,411130,411542ff,411f1f69,41210000,4124854c6ef3,412e2b,4130ff,413141f2,41335d,4134854e8019,413c1449,413e1143,414233cd,41430028,41447ff2,414500,414783,414928,414a51,414c30,414d0000,414e7e69
2016-12-10 09:06:12,1,113.33737-E,23.16701-N,67.9m,1.3,0.7,1.1,6.200,0.000,2016-12-10,01:05:34,20,12,12,3,41030200,410460,410586,410687,41077a,410c0c47,410d09,410e84,410f51,411000e1,411131,41153eff,err,41210000,41247ea56719,412e2e,4130ff,413141f2,41335d,41347ea57ff4,413c1447,413e1144,err,41430040,41447ff2,414503,414788,414932,414a5b,414c34,err,414e7e69
2016-12-10 09:06:13,1,0.00000-0,0.00000-1,68.0m,1.2,0.6,1.0,7.800,0.000,2000-00-00,01:05:35,20,12,12,3,41030200,41046d,410586,410686,41077d,410c10b9,410d08,410ea2,410f51,4110018e,411134,41153aff,411f1f6b,41210000,412482d36c73,412e4e,4130ff,413141f2,41335d,413482ed800e,err,413e1144,4142342f,41430034,41447ff2,err,41478a,414935,414a5d,414c36,414d0000,err
2016-12-10 09:06:14,1,113.33734-E,23.16698-N,68.4m,1.2,0.6,1.0,7.700,0.000,2016-12-10,01:05:36,21,12,12,3,41030200,410495,410586,410689,410780,410c16f6,410d08,410eb3,410f50,41100395,err,411513ff,411f1f6c,41210000,412482d9693f,412e9f,4130ff,413141f2,41335d,413481e87ffc,err,413e1144,41423456,4143004f,41447ff2,414509,41478e,414937,err,414c39,414d0000,414e7e69
2016-12-10 09:06:15,1,113.33730-E,23.16696-N,66.4m,1.2,0.6,1.0,8.800,0.000,2016-12-10,01:05:37,21,12,12,3,41030200,41048c,410586,410685,410781,410c1a67,410d0c,410ebf,410f4f,4110039b,41113a,41151bff,411f1f6d,41210000,41247e6a6511,412e9b,4130ff,413141f2,41335d,41347e717feb,413c1447,err,41423469,4143004d,41447ff2,err,41478f,414937,414a5f,414c3a,414d0000,414e7e69
2016-12-10 09:06:16,1,113.33728-E,23.16695-N,65.2m,1.2,0.7,1.0,12.600,0.000,2016-12-10,01:05:38,19,12,12,3,41030200,410490,410586,410683,410782,410c19c1,410d0d,410ea2,410f4e,41100412,41113b,41151fff,411f1f6e,err,412480cb6877,412ea1,4130ff,413141f2,41335d,413480dd7ffc,413c1453,err,41423469,err,41447ff2,414508,41478e,414937,err,414c3a,414d0000,414e7e69
2016-12-10 09:06:17,1,113.33725-E,23.16691-N,66.3m,1.2,0.7,1.0,14.400,0.000,2016-12-10,01:05:39,19,12,12,3,41030200,41049e,410585,err,410785,410c1903,410d0f,err,410f4e,41100100,411131,41151fff,411f1f6f,41210000,412483056971,412e98,4130ff,413141f2,err,413476d67f97,err,413e114d,41423469,414300eb,41447ff2,err,4147a3,414941,414a6a,414c49,err,414e7e69
2016-12-10 09:06:18,1,113.33722-E,23.16686-N,64.2m,1.3,0.7,1.0,15.800,0.000,2016-12-10,01:05:40,19,12,12,3,41030200,4104e1,410585,410685,410786,410c1f30,err,410ea7,410f4d,411006eb,err,411598ff,411f1f70,41210000,41247b6463e5,412efa,4130ff,err,41335d,41347f718000,413c148a,err,4142347d,41430084,41447ff2,414514,err,41493e,414a67,414c44,414d0000,err
2016-12-10 09:06:19,1,113.33719-E,23.16682-N,62.4m,1.3,0.7,1.1,17.200,0.000,2016-12-10,01:05:41,19,12,12,3,err,4104d0,410585,410680,410785,410c1f36,410d13,410eaf,410f4c,41100736,411145,err,411f1f71,41210000,4124803f6a43,412eff,err,413141f2,41335d,4134806f8003,413c14c6,413e116a,41423491,41430087,err,414515,err,41493e,414a67,414c45,414d0000,err
2016-12-10 09:06:20,1,113.33717-E,23.16678-N,61.5m,1.2,0.7,1.0,20.800,0.000,2016-12-10,01:05:42,19,12,12,3,41030200,4104cf,410586,41067f,410786,410c204f,410d18,410eaf,410f4c,411007c1,411145,err,411f1f72,41210000,41247fee69a3,err,4130ff,413141f2,41335d,4134808c8005,err,413e11a2,414234a4,41430088,41447ff2,err,41479e,41493e,414a67,414c46,414d0000,414e7e69
2016-12-10 09:06:21,1,113.33714-E,23.16673-N,61.5m,1.3,0.7,1.0,23.600,0.000,2016-12-10,01:05:43,20,12,12,3,41030200,4104d2,410586,410680,410786,410c21a1,410d1a,410eac,410f4b,411007bb,411145,41157dff,411f1f73,41210000,412481406a57,412eff,4130ff,err,41335d,41347f207ff6,413c156e,413e11a2,err,41430081,41447ff2,414513,41479b,41493d,414a66,414c43,414d0000,414e7e69
2016-12-10 09:06:22,1,113.33711-E,23.16669-N,6.4m,1.4,0.7,1.2,23.300,0.000,2016-12-10,01:05:44,20,12,12,3,41030200,4104c5,410586,41067e,410785,410c2156,410d1c,err,410f4b,411004f1,41113b,41157dff,411f1f74,41210000,err,412e8c,4130ff,413141f2,41335d,41347ba27fd6,413c15d0,413e11c5,414234cb,41430035,41447ff2,414505,41478a,414930,414a5a,err,414d0000,414e7e69
2016-12-10 09:06:23,1,113.33707-E,23.16664-N,62.7m,1.2,0.7,1.0,25.900,0.000,2016-12-10,01:05:45,21,12,12,3,41030400,410451,410586,410680,41077a,410c12d9,410d1e,err,410f4b,4110015f,411132,411571ff,411f1f75,41210000,4124941a7d03,err,4130ff,413141f2,41335d,413497e38055,err,413e11d6,41423491,41430031,41448000,err,414786,414932,414a5b,414c33,err,414e7e69
2016-12-10 09:06:24,1,113.33703-E,23.16659-N,63.0m,1.4,0.8,1.2,28.900,0.000,2016-12-10,01:05:46,19,12,12,3,41030100,410461,410586,410680,41077d,410c10db,410d1c,err,410f4c,41100122,411132,41156dff,411f1f76,41210000,err,412e00,4130ff,413141f2,err,413471e87f83,413c1625,413e11e5,41423491,err,41447ff2,414501,414786,414931,err,414c32,414d0000,414e7e69
2016-12-10 09:06:25,1,113.33700-E,23.16653-N,63.9m,1.4,0.7,1.2,26.700,0.000,2016-12-10,01:05:47,20,12,12,3,41030200,410459,410586,410671,err,410c0e48,410d1a,410ea0,err,411000d6,411130,411569ff,411f1f77,err,41247df1674b,412e00,4130ff,413141f2,err,413481118008,413c163d,413e11f1,41423469,err,41447ff2,414500,414783,err,414a51,414c30,414d0000,414e7e69
2016-12-10 09:06:26,1,113.33695-E,23.16649-N,65.6m,1.2,0.7,1.0,23.600,0.000,2016-12-10,01:05:48,20,12,12,3,41030200,410458,410586,410674,41077a,410c0bdd,410d18,410e9c,err,411000ce,411130,411561ff,err,41210000,41248a0b729f,412e00,4130ff,413141f2,41335d,err,413c164e,413e11fb,41423442,41430028,err,414500,414783,414928,414a51,414c30,414d0000,414e7e69
2016-12-10 09:06:27,1,113.33691-E,23.16644-N,66.5m,1.2,0.7,1.0,22.500,0.000,2016-12-10,01:05:49,20,12,12,3,41030200,41045b,410586,41067b,41077a,err,410d14,410e9c,410f4d,411000d1,411131,411559ff,err,41210000,41248aad728b,412e00,4130ff,413141f2,41335d,err,413c1658,413e1203,4142331d,41430034,41447ff2,414500,414784,414928,414a51,414c31,414d0000,414e7e69
2016-12-10 09:06:28,1,113.33691-E,23.16644-N,68.6m,1.3,0.7,1.1,19.000,0.000,2016-12-10,01:05:49,19,12,12,3,41030200,410466,410587,410680,41077a,410c0950,410d12,410e9c,410f4d,411000d9,411131,411555ff,411f1f7a,err,4124886c7141,412e00,4130ff,err,41335d,413487f68024,413c165e,413e120a,err,41430034,41447ff2,414500,414784,err,414a51,414c31,414d0000,414e7e69
2016-12-10 09:06:29,1,113.33691-E,23.16644-N,67.8m,1.4,0.7,1.2,13.400,0.000,2016-12-10,01:05:49,20,12,12,3,41030200,410467,410587,410684,41077a,410c0b28,410d0e,410e84,410f4e,411000d1,411131,err,411f1f7b,41210000,4124865a6fbb,412e00,err,413141f2,41335d,4134858a801b,413c1660,err,41423408,41430027,41447ff2,414500,err,414928,414a51,414c30,414d0000,414e7e69
2016-12-10 09:06:30,1,113.33681-E,23.16632-N,68.2m,1.2,0.6,1.0,13.000,0.000,2016-12-10,01:05:52,21,12,12,3,41030200,41045f,410587,410686,41077a,410c0c09,410d0b,410e84,410f4e,411000e4,411131,41154aff,err,41210000,41247e9a6705,412e26,4130ff,err,41335d,41347e457ff2,413c165f,413e1214,err,4143002a,41447ff2,414503,414787,414934,414a5d,err,414d0000,414e7e69
2016-12-10 09:06:31,1,113.33683-E,23.16631-N,68.3m,1.2,0.6,1.0,5.000,0.000,2016-12-10,01:05:53,20,12,12,3,41030200,410488,err,410684,410781,410c1485,err,410eaa,410f4e,41100393,41113a,41151bff,411f1f7d,41210000,41248fea73cb,412e9a,4130ff,err,41335d,413482dc7ffe,413c1663,413e1219,41423456,4143003e,41447ff2,414506,41478b,414933,414a5c,414c36,414d0000,414e7e69
2016-12-10 09:06:32,1,113.33685-E,23.16631-N,67.8m,1.3,0.7,1.1,7.200,0.000,2016-12-10,01:05:54,21,12,12,3,41030200,410478,410587,41067f,41077d,410c15c0,410d08,410ebc,410f4e,4110024e,411137,411513ff,411f1f7e,41210000,412479965f35,412e61,4130ff,413141f2,41335d,err,413c1663,413e1219,41423456,41430039,41447ff2,err,41478a,err,414a5d,414c36,414d0000,414e7e69
2016-12-10 09:06:33,1,113.33687-E,23.16631-N,68.5m,1.2,0.7,1.0,8.800,0.000,2016-12-10,01:05:55,21,12,12,3,41030200,410466,410587,410685,41077d,410c169e,410d0c,410ec1,410f4d,4110019a,411134,41151bff,411f1f7f,41210000,412482446b47,412e57,4130ff,err,41335d,413480007ffa,413c1665,413e121d,err,4143001d,41447ff2,414501,414786,414931,414a5a,414c32,414d0000,414e7e69
2016-12-10 09:06:34,1,113.33690-E,23.16631-N,68.0m,1.2,0.7,1.0,6.300,0.000,2016-12-10,01:05:56,19,12,12,3,41030200,410452,410587,410683,41077a,410c113c,410d0d,410ea6,410f4d,411001f2,411135,41151bff,411f1f80,41210000,41247d336511,412e3d,4130ff,413141f2,41335d,41347d4f7feb,413c1665,413e1221,41423456,41430048,41447ff2,414503,414787,414930,414a5a,414c35,414d0000,414e7e69
2016-12-10 09:06:35,1,113.33693-E,23.16631-N,68.0m,1.2,0.6,1.0,11.200,0.000,2016-12-10,01:05:57,20,12,12,3,41030200,41045f,410586,410685,err,410c0d22,410d0d,410e9c,err,411000c6,err,41151bff,411f1f81,41210000,41247f5067c3,err,4130ff,413141f2,41335d,41347e497fef,413c165e,413e1224,4142342f,err,41447ff2,err,414784,414928,414a51,414c31,err,414e7e69
2016-12-10 09:06:36,1,113.33700-E,23.16631-N,64.5m,1.2,0.7,1.0,12.100,0.000,2016-12-10,01:05:58,19,12,12,3,41030200,410459,410586,410682,41077a,410c0c2b,410d0c,err,410f4e,411000c8,411130,41151fff,411f1f82,41210000,err,412e2b,4130ff,413141f2,err,41347fcf7ffc,413c1658,413e1225,err,41430024,41447ff2,414500,414784,414928,414a51,err,414d0000,414e7e69
2016-12-10 09:06:37,1,113.33707-E,23.16631-N,59.6m,1.2,0.7,1.0,12.500,0.000,2016-12-10,01:05:59,18,12,12,3,41030200,410457,410586,410684,41077a,410c0d5d,err,410e91,410f4e,411000cf,411131,41151fff,411f1f83,41210000,412482e96c87,412e2b,4130ff,413141f2,41335d,413482fa800e,413c1658,413e1225,41423408,41430022,41447ff2,414500,414784,414928,414a51,414c31,414d0000,414e7e69
2016-12-10 09:06:38,1,113.33712-E,23.16628-N,59.3m,1.2,0.6,1.0,11.500,0.000,2016-12-10,01:06:00,20,12,12,3,41030200,410456,410586,err,41077a,err,410d0c,410e94,410f4e,411000d7,411131,41151fff,411f1f84,err,412481606a93,412e2a,4130ff,413141f2,err,413480b88000,413c1652,413e1225,414233f4,err,41447ff2,414500,414784,414928,err,414c31,414d0000,414e7e69
2016-12-10 09:06:39,1,113.33716-E,23.16627-N,60.0m,1.2,0.6,1.0,12.000,0.000,2016-12-10,01:06:01,20,12,12,3,41030200,410458,410586,410686,41077a,err,410d0b,410e96,410f4e,err,411131,41151fff,411f1f85,41210000,41247f196787,412e2b,err,413141f2,41335d,41347f627ff9,err,413e1225,414233e1,41430024,41447ff2,err,414783,414928,414a51,414c30,err,414e7e69
2016-12-10 09:06:40,1,113.33718-E,23.16626-N,59.5m,1.4,0.8,1.2,3.900,0.000,2016-12-10,01:06:02,18,12,12,3,41030200,410459,410586,410685,41077a,410c0c7c,410d09,410e98,410f4e,411000d2,411130,41151fff,411f1f86,41210000,41247ee5672d,412e2a,4130ff,413141f2,41335d,41347ed37ff4,err,413e1224,414233cd,41430025,err,414500,414783,414928,414a51,414c30,414d0000,err
2016-12-10 09:06:41,1,113.33719-E,23.16624-N,60.0m,1.3,0.7,1.0,8.500,0.000,2016-12-10,01:06:03,18,12,12,3,41030200,410459,410587,410684,41077a,err,410d09,410e94,410f4f,411000d2,411130,41151fff,err,41210000,41247f736845,412e29,4130ff,err,41335d,413480137ffe,413c163d,413e1223,err,4143002a,41447ff2,414500,414783,err,414a51,414c30,414d0000,414e7e69
2016-12-10 09:06:42,1,113.33722-E,23.16624-N,61.7m,1.3,0.7,1.0,7.200,0.000,2016-12-10,01:06:04,18,12,12,3,41030200,410461,410587,410684,41077a,410c090b,410d07,410e9c,410f4f,411000d2,411130,41151fff,411f1f88,41210000,412480c769d5,412e25,err,413141f2,41335d,413480b88001,413c1635,err,41423183,41430036,41447ff2,414500,err,414928,414a51,414c30,414d0000,414e7e69
2016-12-10 09:06:43,1,113.33723-E,23.16624-N,62.1m,1.3,0.7,1.1,1.900,0.000,2016-12-10,01:06:05,17,12,12,3,err,41046b,410587,err,41077a,410c0972,410d03,410e9c,err,411000ce,411130,41151fff,411f1f89,41210000,412485996efd,412e2a,err,413141f2,41335d,4134865a801e,413c162e,err,414233a6,4143002b,41447ff2,414500,414783,414928,414a51,414c30,414d0000,414e7e69
2016-12-10 09:06:44,1,113.33724-E,23.16624-N,60.9m,1.3,0.7,1.0,0.000,0.000,2016-12-10,01:06:06,17,12,12,3,err,410466,410587,410689,err,410c0a0f,410d03,410e92,err,411000cf,411131,41151bff,411f1f8a,41210000,412483016c19,412e29,err,413141f2,41335d,4134817d8004,413c1627,err,414230c0,41430032,41447ff2,414500,err,414928,414a51,414c30,414d0000,err
2016-12-10 09:06:45,1,113.33724-E,23.16624-N,61.2m,1.3,0.7,1.1,0.000,0.000,2016-12-10,01:06:07,16,12,12,3,41030200,41046a,410587,410688,41077a,410c08d6,410d03,410e9c,err,411000ce,411130,411517ff,411f1f8b,41210000,41247eee6769,412e28,4130ff,413141f2,err,41347f2d7ff8,413c161f,413e121b,414232e3,41430033,41447ff2,414500,414783,414928,414a51,414c30,414d0000,414e7e69
2016-12-10 09:06:46,1,113.33724-E,23.16624-N,63.6m,1.4,0.8,1.1,0.000,0.000,2016-12-10,01:06:08,16,12,12,3,41030200,41046d,410587,410688,41077a,410c0998,410d03,410e92,410f4f,411000d1,411131,411517ff,411f1f8b,41210000,4124809069df,412e2a,4130ff,413141f2,41335d,413480ad8002,413c161f,413e121b,41423393,4143002f,41447ff2,414500,414783,414928,414a51,414c30,414d0000,414e7e69
2016-12-10 09:06:47,1,113.33724-E,23.16624-N,64.5m,1.3,0.8,1.0,0.000,0.000,2016-12-10,01:06:09,17,12,12,3,41030200,410465,410587,41068b,41077a,410c0a82,410d00,410e86,err,411000cc,411131,411517ff,411f1f8c,err,4124821b6b8d,412e29,4130ff,413141f2,41335d,413482128008,413c1610,err,414233ba,err,41447ff2,414500,414783,414928,err,414c30,414d0000,414e7e69
2016-12-10 09:06:48,1,113.33724-E,23.16624-N,64.9m,1.2,0.7,1.0,0.000,0.000,2016-12-10,106:10:00,17,12,12,3,41030200,err,410587,41068f,41077a,410c0a6f,410d00,410e8d,err,411000c4,411130,41150fff,411f1f8e,err,412485416ea3,412e28,4130ff,413141f2,err,413484b18015,413c1608,413e1212,414233ba,err,41447ff2,414500,414783,414928,err,414c30,414d0000,414e7e69
2016-12-10 09:06:49,1,113.33724-E,23.16624-N,64.8m,1.2,0.7,1.0,0.000,0.000,2016-12-10,01:06:11,17,12,12,3,41030200,err,410587,410691,41077a,410c0a3a,410d00,410e91,410f50,err,41112f,41150fff,411f1f8f,41210000,err,412e29,4130ff,413141f2,41335d,41347e807ff2,413c1600,413e120f,414233ba,41430022,41447ff2,414500,414782,414928,414a51,err,414d0000,414e7e69
2016-12-10 09:06:50,1,113.33724-E,23.16624-N,66.3m,1.1,0.7,0.9,0.000,0.000,2016-12-10,01:06:12,19,12,12,3,41030200,41045c,410587,410692,41077a,410c0bab,410d00,410e80,410f50,411000af,41112f,41150fff,411f1f8f,41210000,41247d146485,412e29,4130ff,413141f2,err,41347caf7fe5,413c15f8,413e120c,414233ba,err,41447ff2,414500,414782,414928,414a51,414c2f,414d0000,err
2016-12-10 09:06:51,1,113.33724-E,23.16624-N,66.9m,1.2,0.7,1.0,0.000,0.000,2016-12-10,01:06:13,18,12,12,3,41030200,410458,410588,410690,41077a,err,410d00,410e88,410f50,411000af,err,411513ff,411f1f91,41210000,412479c65fad,err,4130ff,413141f2,41335d,413479827fcd,413c15f1,413e1208,41423393,err,41447ff2,err,414782,414928,414a51,414c2f,err,414e7e6a
2016-12-10 09:06:52,1,113.33724-E,23.16624-N,67.0m,1.2,0.7,1.0,0.000,0.000,2016-12-10,01:06:14,18,12,12,3,41030200,410457,410588,err,41077a,410c0b05,410d00,err,410f50,411000a8,41112f,411513ff,411f1f92,41210000,41247c3263bd,err,4130ff,413141f2,41335d,41347e1d7ff0,err,413e1205,414233a6,41430022,41447ff2,err,414782,414928,414a51,414c2f,err,414e7e6a
2016-12-10 09:06:53,1,113.33724-E,23.16624-N,68.1m,1.1,0.7,0.9,0.000,0.000,2016-12-10,01:06:15,19,12,12,3,41030200,410456,410588,41068c,41077a,410c0b0f,410d00,410e91,410f51,411000ab,41112f,411517ff,411f1f93,41210000,4124834e6ca5,412e24,4130ff,err,41335d,413483b28012,413c15e2,413e1201,4142336c,41430023,41447ff2,414500,414782,414928,414a51,414c2f,414d0000,414e7e6a
2016-12-10 09:06:54,1,113.33724-E,23.16624-N,68.1m,1.1,0.7,0.9,0.000,0.000,2016-12-10,01:06:16,19,12,12,3,41030200,410457,410588,41068d,41077a,410c0ae9,err,410e8e,410f51,411000aa,41112f,err,411f1f94,41210000,41247fd86845,412e24,4130ff,413141f2,41335d,err,413c15db,413e11fe,414233ba,41430021,41447ff2,414500,414782,414928,414a51,414c2f,414d0000,414e7e6a
2016-12-10 09:06:55,1,0.00000-0,113.33724-E,68.1m,1.1,0.7,0.9,0.000,0.000,2000-00-00,00:00:00,19,12,12,3,41030200,410456,410588,41068d,41077a,410c0b18,410d00,410e8e,410f51,411000a7,41112f,411517ff,411f1f94,41210000,41247d58652f,412e24,4130ff,err,41335d,41347d8a7fec,413c15db,413e11fe,err,err,41447ff2,err,414782,414928,414a51,err,414d0000,414e7e6a
2016-12-10 09:06:56,1,113.33724-E,23.16624-N,68.1m,1.4,0.8,1.1,0.000,0.000,2016-12-10,01:06:18,19,12,12,3,41030200,410456,410588,41068b,41077a,410c0a31,410d00,410e9a,410f51,411000a7,41112f,err,411f1f95,41210000,41247d7f654d,412e22,err,413141f2,41335d,41347d1d7fe8,413c15d4,413e11fa,414233cd,41430024,41447ff2,414500,414782,414928,414a51,414c2f,414d0000,414e7e6a
